,A,B,C,D
2000-01-01,-0.9850641358154566,1.1598625670662523,0.7320616661010688,-1.0962512261687885
2000-01-02,0.7220078728376145,-0.06635187531335789,-0.8531322663395258,-0.04394901481287375
2000-01-03,-1.0127774769776918,-1.3814017591131995,-2.068203470983279,0.5513366074582908
2000-01-04,1.479566184183391,-1.1834780830821574,1.3947078585715553,1.8190593462717262
2000-01-05,-0.6976224306411609,0.2495321544335391,1.3276147209851297,-0.10997760499557346
2000-01-06,-1.086684200374881,0.3546123403215319,-1.375506376965896,-0.5269749981128129
2000-01-07,-1.7227589975551916,-0.14459722411107379,0.6258520875182811,0.5396138299907529
2000-01-08,0.09738379260083736,-0.9542813975836665,-0.7284216062970361,0.7506771204504781
2000-01-09,1.4643956237712503,0.054199876532944044,0.27117878662364925,0.1619107025476817
2000-01-10,-0.03268830214031574,0.2752968958821325,0.6674798461376119,-0.6765061815837388
2000-01-11,-0.15522956807330876,0.47560896412148684,1.1732068487182172,0.17206386964121193
2000-01-12,0.3115310699786318,-0.7611896971756458,-0.17178184143318995,-1.3694875198782879
2000-01-13,2.1194016872377532,0.19824297061078455,1.0846001255651825,0.9751929130741277
2000-01-14,0.20415319187832592,0.855092095881511,1.6517812841983843,-0.34038645762279557
2000-01-15,-1.1590001057740602,0.6385134421592981,-0.385977775827641,2.2744973674261417
2000-01-16,-0.6430279261173028,-0.06405041029082414,-0.03160907654809263,0.3629152457785175
2000-01-17,0.46169808430066855,-1.8051733546696807,0.1315624178224156,0.3264091757586038
2000-01-18,0.18600566535782162,-1.7642976397714805,0.263439811584515,0.606186838991567
2000-01-19,-0.08236071234113186,0.458034711303577,-0.31815021377697,1.2728999775322125
2000-01-20,-0.22490209591025895,1.0684486256862005,0.5899698308863967,-0.0740511986510098
2000-01-21,1.4319638322533252,-1.0354796851451749,0.8155811993421623,-1.1862842962353588
2000-01-22,-0.5534084376487491,-0.5294449788679461,1.1539803932533461,1.1312847260396977
2000-01-23,-0.8354271345523685,-2.021479962643871,0.16526125837203826,-1.2013501887148128
2000-01-24,0.4824403773099287,1.1907065316438903,1.7203593467186236,-0.09769553740416276
2000-01-25,1.4701784812686076,-1.4421069036366263,-0.29595258731711727,-1.8494388927119503
2000-01-26,0.23059748919528583,1.1431066785098865,1.846367007458471,0.8004503312092713
2000-01-27,-0.832473337854066,-0.02401004830574677,0.2343895090915792,-2.851660817222427
2000-01-28,0.042357429739675406,1.0427362601809795,0.48429682706255756,-0.49607472456840257
2000-01-29,0.8837550976675623,-0.8088703826915218,0.2205582744780128,-0.7855032298444515
2000-01-30,-0.60398217566175,-0.06727306898564542,-0.8447716062072143,1.8575556851251682
2000-01-31,-1.4111032549131177,1.7185667738850205,1.0045853543638235,1.1507340441448415
2000-02-01,0.12496832756016633,-0.9635155823179203,0.39334405204536854,0.9191934909203786
2000-02-02,0.9693850303671115,1.101909031613397,1.3856594608085409,0.5371021582852499
2000-02-03,-2.038282441181264,1.312334693954243,0.5855284137283606,-0.06677451096796379
2000-02-04,0.028808143548701676,0.034047863983452734,-0.5451021333218502,1.0627722647068067
2000-02-05,0.5253430099690896,-0.1974995150148069,-1.8552885872194098,1.9462085385245924
2000-02-06,-0.6509131928313032,-0.10596125628924714,-0.5488469625361811,-1.974960968866835
2000-02-07,0.3901007402834012,0.7328738402233653,-2.0883297620627075,-0.6685513329672962
2000-02-08,0.31844989332442547,1.0162373732814298,1.0173287931254198,0.5270964792144164
2000-02-09,0.5615962210620532,-0.7413581607390372,-0.9643804944080492,-1.0947767745080705
2000-02-10,-0.7190717481728115,-1.514946644371051,-0.7931715624010631,-0.016456370713960763
2000-02-11,-1.0530403476795813,0.6539508814171097,0.46548749203269385,-1.6826127967137678
2000-02-12,-1.082024173497057,1.2136051127107055,-0.8528457109367599,0.11960335403033145
2000-02-13,-0.7222475956636468,-1.0331143427149516,-0.0861050898383176,-0.10761375409684512
2000-02-14,0.5667787866250901,-0.5450231361816458,-1.2308778884819005,1.253897630550278
2000-02-15,1.0405794506285322,1.7897783376950602,-1.1194152795102286,0.016531019281440094
2000-02-16,-1.8084800993071193,1.7491697107532085,0.37247491062272886,-1.2113381761127409
2000-02-17,0.32543315808713896,-0.982794776129151,-0.6098051814021294,-0.7159825738487509
2000-02-18,-0.6281911794917525,-1.0648278444043424,-1.0338292241076545,-0.4174372611330197
2000-02-19,-0.6318956855387069,0.6208446489372599,0.12530598495220752,1.3621085393539605
2000-02-20,1.7713661557187421,-1.832366751081058,0.47097883170984556,0.04337909146990361
2000-02-21,0.671245301379354,-0.3353576091854232,0.8509535684849042,0.7163331438930374
2000-02-22,-0.2542049472393124,0.9368260848075154,-0.09012032660503254,-0.1799040857513376
2000-02-23,-0.2515754060456603,0.17544610292340782,1.2098791156403488,-0.7162032982202765
2000-02-24,0.06480505657659168,-1.1844973324691133,-0.4267711059400539,0.2655008930583912
2000-02-25,0.13622095062719458,1.3800841543390325,-0.34578749356852667,0.12486332875395802
2000-02-26,-0.8781820860650852,-0.11357911368468067,-0.09721423591010143,0.3777499901704262
2000-02-27,-0.7714979147757656,-0.34321382457826116,-1.0441740387249865,-1.0057850972787936
2000-02-28,-0.3280770444413918,0.016742692445913827,0.8728274187582418,0.5229985133048982
2000-02-29,-0.8309691007241435,1.1866707517732609,0.2773641603925236,-0.21781304772333154
2000-03-01,-1.0015830182098997,-0.8722335487167596,0.6329378390526283,0.8511090153673047
2000-03-02,-0.7460878998117333,0.4592614060969078,0.5893350393390671,-0.07064787790031063
2000-03-03,-1.6194210848527333,-0.7868595952665454,-1.4559703328330327,0.7496932554343819
2000-03-04,0.2293834530485519,0.42393841847484265,1.107289777121728,-0.42343067025788483
2000-03-05,-1.5089130638949673,0.5058326085167074,-0.5644789442410464,0.8449971330179699
2000-03-06,-0.6165013108346632,-0.6765203601563349,-1.831296057485178,1.7496171557010927
2000-03-07,-1.0045012554615795,-0.44582879710260626,-0.3961859067446025,0.16645451202649977
2000-03-08,-1.95600763161955,1.156382339315471,1.4576992760251464,-0.04699847387425179
2000-03-09,0.6827642400222469,2.228037828417908,-1.0152914596943916,0.9929138496975665
2000-03-10,-0.726166109447795,-1.0257101718812036,-0.8272747884441075,0.21366958302505412
2000-03-11,-0.07379508135390915,0.2899817132044327,-1.0060607608343022,-0.05656153283575318
2000-03-12,0.17942282584460514,-0.27260544376893087,-0.2150625296572227,0.6946248019760519
2000-03-13,-0.8710049264362092,-0.6683539063773496,0.7112118830363507,1.0764330419201273
2000-03-14,0.7896565062021761,-0.2979385992579856,2.171637476614101,0.4220395299342142
2000-03-15,0.7334151426001558,0.33744663445538964,-0.08900419694982213,-0.024552010526552218
2000-03-16,0.841085772870648,0.7010064535466904,-0.14413234663765162,-0.05709422113545339
2000-03-17,-0.3619723841332897,-0.24335289876627159,-0.8677538156758288,-0.38860616801514114
2000-03-18,-2.3557510940510276,0.1904098371320734,-0.7181566609964734,-1.3697126565788336
2000-03-19,0.17560772902683086,-0.535240328843103,1.50568561604777,-0.5049075545077405
2000-03-20,1.2943474553993635,-0.8626965306389481,0.5980199977226022,-0.44400934391190366
2000-03-21,0.14953596724581436,-1.0666042656656576,1.192350338985861,-0.129941060106411
2000-03-22,-2.4254910924253035,-0.5319366235312408,-0.23381660645828453,0.3087479473107096
2000-03-23,-0.40256896587607904,0.11359107836908053,0.15545725572780417,0.007984825199151044
2000-03-24,-0.0977557050038269,0.19014632728142078,0.56062083301069,0.7009031416194541
2000-03-25,0.664338126345444,0.30375590334920693,-0.7430295976180111,-2.9351163772585425
2000-03-26,-0.5290679375421965,1.012401411127351,-0.5988321383431688,-1.5672263383197294
2000-03-27,-0.5152850319754325,-0.8835607337654542,-1.771739710459431,0.806275819731866
2000-03-28,-0.5130634621426572,-1.123510448595756,0.9326995721569566,0.3143979064048835
2000-03-29,-0.3136647449062716,0.4863573273491436,0.1059281557916683,-0.8878821517511852
2000-03-30,0.8296518632481102,1.0968189924419287,-0.06346095548523357,2.2697780102556013
2000-03-31,0.5502470679462588,0.3811662462263447,0.9075438166531423,0.08364580954372146
2000-04-01,-1.6680856518892715,-0.940550595675044,-0.3736214923193264,-2.1076382161016314
2000-04-02,0.7705143427075827,-0.3783961492995542,-0.6523656275950769,-0.01961851437291608
2000-04-03,-0.5305767124353243,1.9488537137451787,-0.35345219950755263,0.35917781960542366
2000-04-04,-0.24114424124852749,1.2623226740055429,-1.7666150626584036,0.5736281830259038
2000-04-05,-0.3473240521026767,0.16013157119897228,-0.2132886890122268,-0.7505368241055347
2000-04-06,0.6542802700501318,-0.40470932263668846,0.34668827223433224,0.9257596332226277
2000-04-07,-1.5880540163096621,0.15453191981175263,0.3666559461925261,-0.47302283288296476
2000-04-08,-0.9585916576820219,-1.2795339768677987,-0.2436968132324531,0.12135868287089929
2000-04-09,-0.8152954464093061,1.1632052675426372,-0.4423630088460316,0.2546965692869127
2000-04-10,-1.596650577741317,0.11060243486501732,0.12677580434947402,-0.1904894782127069
2000-04-11,1.0418478763705927,-1.0194224338775812,0.4200105263383464,-0.02681866271139072
2000-04-12,0.7626929150982467,-0.06954597994668375,0.2489375977161575,-0.6858210573539292
2000-04-13,-0.2476098065034083,0.4993116585646813,2.946448546822108,-0.5920130074756953
2000-04-14,-0.7735581009394707,1.2087361200598747,0.47847439095579597,-1.3839894537272388
2000-04-15,-0.882487761344065,0.16671745388560996,0.8398265916092016,-0.4931798162188059
2000-04-16,0.276574702780104,-0.6588340775616988,-3.376723100770221,2.4397544099321467
2000-04-17,0.37865650258635564,-1.534289157754122,-0.04902800206201819,0.349702052564811
2000-04-18,-0.4744984088717993,-0.44762869827607427,-0.013485810158982274,0.8292011994133023
2000-04-19,-0.6236918717024843,0.13695347251841988,-1.322747881318792,2.3617964156382727
2000-04-20,-0.9050141113922447,0.3509504367391977,-0.3005490558075242,0.8383015727157914
2000-04-21,1.1835741107569597,-0.026047256364408782,-0.31051523873459475,-1.8339093911070066
2000-04-22,0.0931595979670201,0.4533823244006514,-0.4046546819044541,-2.4781860425509876
2000-04-23,0.8324671028871993,0.4008809862716428,1.0025236519463108,1.2026735960106871
2000-04-24,0.7268379149510198,-1.4020348855462597,0.7032361665201516,-0.15580555007034885
2000-04-25,-0.44220688114618084,-1.3551263585098667,-0.838234416732365,-1.51657879542436
2000-04-26,-0.7893943000435296,-0.48568195347669446,-0.7366538814411088,-0.9451500904003755
2000-04-27,2.096626889763542,1.5063258406803477,0.3778969307190648,1.051053012792107
2000-04-28,-1.0593931044431513,-0.44485244090714793,0.014512975349631486,-0.4690994547943398
2000-04-29,0.13880276286718174,0.9211264832117566,-1.088198977004434,0.46557783834542477
2000-04-30,-1.7181958598726226,0.21204575290232228,-0.6666130076236008,0.2530913799401843
2000-05-01,-1.1203109869136332,-1.3530159758644087,1.0282489747259231,0.6667829819667191
2000-05-02,-0.083935162650363,-0.2540732049021125,2.7070488866238316,-0.2859221915455399
2000-05-03,-0.185559127892379,-1.0237454793019405,-0.5657521266062141,0.503993618415198
2000-05-04,0.38904812650910814,-0.9232645039624766,-0.3503799925640009,-2.0061139820160996
2000-05-05,0.3789679103099448,-0.9595639616754772,-0.3038116779889878,2.725267161486887
2000-05-06,-0.35542087108172327,-0.9312173788058992,-1.2681906891614556,2.190104900594175
2000-05-07,-1.9486142477551527,-0.7084919285964336,0.826715523962041,0.6878230920929586
2000-05-08,0.18410455911852092,1.3002320844477464,-1.2620280316940544,1.9061284535665963
2000-05-09,-0.5881384907388926,0.35628074432754064,0.27479782884952425,-0.5418860224836503
2000-05-10,1.1401231741730506,-1.0262781851781628,1.2189659564615807,-0.222625769064343
2000-05-11,0.36609574266636535,1.390749544332502,-0.2195899090045999,0.2788616784811559
2000-05-12,-0.16871172889008107,-1.0606022467100402,0.6738275695113328,0.03818244391447305
2000-05-13,0.21404809301741307,-0.08822892448274818,-0.7247073623289828,-1.2407138719454636
2000-05-14,-0.49676965261070105,-0.24303293198724651,0.2677140322588208,-0.4366494658937276
2000-05-15,-0.4693929042539395,0.3961943263358947,-1.4724610314626916,-0.6832982254909908
2000-05-16,-1.3618872408952483,-0.39763183908958694,-0.36458177786871343,0.557047885208943
2000-05-17,-0.02949040886161936,-0.6680069088724792,-0.6334185429086895,-1.1751144746526614
2000-05-18,-0.33981502569549604,0.8507444346707224,-0.8363938914608011,0.5392960148394255
2000-05-19,0.8326750616610181,0.8835993337952415,0.6800034027437298,0.019337246778930638
2000-05-20,0.6473489316812756,0.28149760733142015,0.19625977962187044,-0.39659874637772896
2000-05-21,0.2216040770255552,1.7568259718692623,-1.9717740743137742,-0.37407444591016614
2000-05-22,-1.5843116170424572,-2.4557390054227755,-0.22661317634252823,-0.2733298077081915
2000-05-23,-0.48126098099971043,-0.7220388339674473,-1.6140295361948267,-0.16789169423889652
2000-05-24,-1.2286551564434929,0.5488479305392756,-0.6534258342769225,-0.034218849305478555
2000-05-25,0.3404366164721643,-1.2652799802831591,-0.24661440856638078,-0.8930083313092136
2000-05-26,-1.5208541627304943,0.9747335469233119,-1.6346161214494836,-0.2028372171301845
2000-05-27,-0.7527845851223093,0.6647754373578246,-1.367334733812312,-0.8124594220590308
2000-05-28,-1.4461910921402146,-0.36183664384493547,0.8105862214451695,-0.2332845964998304
2000-05-29,-1.774189114817482,-0.6734404293484887,0.5846445865393295,0.34262376369587433
2000-05-30,1.0292419272307616,-0.5197796450138157,-0.6739080605952616,-0.8451963964219776
2000-05-31,1.284273924009373,-0.5566409734724996,-0.5804519181311731,1.52467793175992
2000-06-01,-0.4194508253274,-0.7350528902124187,0.5598310313919392,-0.419335184026995
2000-06-02,-0.02475370360894045,-0.07336464065780357,-1.942404914871712,1.464472452759142
2000-06-03,-1.0697622862274778,-0.39641610101662944,-0.9079192894784717,-1.6448456984005908
2000-06-04,1.3909716341662768,-1.5760371323538802,0.13570957796807015,-1.433956862064693
2000-06-05,-1.4065794433351921,0.28080614574978535,-0.4636299991726818,0.7656447273477249
2000-06-06,-0.5444211970222433,0.928520754830473,-0.47328264286531274,-0.821504338259898
2000-06-07,-0.45989135059481145,-0.6002429304896124,-0.28698531860603665,0.0004105760698944251
2000-06-08,-0.5116405059724654,0.6137492886138392,1.1123323574649493,0.3527202548746614
2000-06-09,0.09897875774318118,2.836266516659828,0.019041494484622456,2.6502226309980994
2000-06-10,-0.6160996896757991,0.4510949897963292,-0.42743132536854533,-0.9728312994724725
2000-06-11,1.9107191941450894,-0.749872305820791,-0.969663835184019,-0.018792661770549317
2000-06-12,-1.0167787499220997,0.16693175951712763,-0.3016579779233031,-0.5892354938526534
2000-06-13,-1.1956347117845283,-1.8720240167859101,-0.3885531464524657,-0.36404675256811225
2000-06-14,0.1044919706366272,-0.31771583397980085,-1.6798740953252709,-0.13933751666308056
2000-06-15,0.20964135717876148,-0.321868355624667,-0.3665557543701439,-2.3429356743818563
2000-06-16,0.6813503943255924,-1.0803511692061274,-0.7013140892365278,-0.7668930686093414
2000-06-17,-1.7249060422769393,-0.6526749634472621,-0.7247896027911663,-1.0814333777988607
2000-06-18,-0.25517379693660447,0.2339280046648128,-0.14163575859870117,0.061645121298379416
2000-06-19,1.3083380454513236,-0.431622393216642,0.4237680612839087,-0.6626342662691279
2000-06-20,1.0333810811700146,-0.7290503608159313,-0.14635424844620418,-0.4970366694863877
2000-06-21,0.37637798681871915,0.11171071257541483,0.6542229246001571,0.1692045925871828
2000-06-22,0.7455860548433549,1.1887388571024213,-0.20676821667981213,-0.27212250206723687
2000-06-23,0.5400060609908913,1.6485026179141105,-1.1843830615076072,-0.3531491793436886
2000-06-24,0.47035963138916476,0.04539273582681535,-1.336220035705527,0.09333191667892522
2000-06-25,-1.3515043295277267,0.1992875806582558,0.2861778219408813,0.19420574056780568
2000-06-26,-0.7657564436548114,-0.4267436742970112,0.7423126806704323,0.7401769332096133
2000-06-27,-0.20938383645181166,0.05173698339508265,-0.8482123948406082,-0.3288762248126623
2000-06-28,1.5718000035858495,1.4962631059127178,0.6189304415042274,1.272158694916284
2000-06-29,0.9794068341798843,0.9898493878269494,-1.282013212800745,-0.148689920912126
2000-06-30,1.2590374138056888,0.3048884482291877,-1.3833816067090072,-1.4048963820164084
2000-07-01,1.0061460445323098,-0.3212279903540138,-0.7188627906877061,-0.634144016357721
2000-07-02,0.21720964392466635,1.4355486120890977,-1.731887442493025,0.2041436640556604
2000-07-03,0.19757450361918039,-0.18501350448178872,-0.9242027485892133,-0.05016884331533752
2000-07-04,-1.0198090845180012,-0.10828905277103379,0.14660401370690132,-0.7865237644271802
2000-07-05,0.2749355440382924,0.43865422385906716,1.5891944432660345,-0.49321493362124574
2000-07-06,0.8143404280413103,1.4394993818567796,-0.9042355328466873,1.0392231442585336
2000-07-07,1.3052954533339356,2.43132190204347,-0.8864314522537928,0.735138008667979
2000-07-08,0.9830446738975037,-1.1405997958384795,1.1753944746076779,-1.9120685913497972
2000-07-09,-2.1054768070654877,-1.2309897629046953,-0.058644882752690246,0.6108493809023513
2000-07-10,0.5065847910502993,-0.4964437640985532,-0.1366560472218227,-0.6150526411619116
2000-07-11,-1.3229751868369912,-0.1264154495590778,0.830906284228573,-0.28203846008702993
2000-07-12,-0.5339551363264067,0.32548660267777,1.622229648336867,1.5129946480261292
2000-07-13,-0.29792099511640835,0.7494757675837301,-0.7494508430235461,-0.1468560142897319
2000-07-14,1.158262498654039,-0.985500745776881,0.2763787997897125,-0.4147922944486882
2000-07-15,-0.4816165097519863,0.28237407045769414,-1.4438165745588567,-1.191368161144805
2000-07-16,-0.26811846836301967,-0.7708708208988723,-1.2527427526383674,-0.14647184870453273
2000-07-17,0.5088110816531292,-0.37375604535211454,1.2908143281352475,-0.8380628014957311
2000-07-18,4.270684174962298,0.5517800221979747,0.3854607663923696,-2.098482618730296
2000-07-19,1.0743985011742456,-0.7541898389538908,-1.527966057353532,0.07825907251478763
2000-07-20,0.6315932343592884,1.899988589835307,0.10471532861652261,0.20433797757287758
2000-07-21,-0.4093024289460714,1.3607324931654285,-3.1238501821743556,-0.36643694347576394
2000-07-22,-0.09786460931465296,1.2334624884321064,1.166714543860765,0.07810316325826828
2000-07-23,-2.80287080279841,-1.166820973914858,0.08817331378204564,-1.0335679567565166
2000-07-24,0.5546937033272538,1.7240828035015776,0.5423759950098189,1.2297545459337742
2000-07-25,1.8285818843255233,-0.10129849126109253,0.13089511706530815,-1.8975680875998346
2000-07-26,0.9449579054081778,1.4796849933591623,-0.3471181259261804,-1.5567241353974122
2000-07-27,0.5992551369479522,0.8785618227881737,-0.6643353849814426,-1.3465048873513925
2000-07-28,-0.82002239088727,0.5661532950258874,0.7258546263650001,-0.49141887279952284
2000-07-29,-1.4283170632383406,-0.04771841854534431,0.3399913118063762,-1.1067874603308807
2000-07-30,-0.1873314955969471,-0.2857943099050579,0.20620373871654288,-0.9864603630253063
2000-07-31,-1.9339489422120875,1.492154757234633,-0.43097961308849164,-1.0983745491114125
2000-08-01,0.15620850414472212,1.3719239619655617,-0.4594304758249877,0.23933817661467724
2000-08-02,0.7644745117367038,-0.31640389720505285,-0.5277019482865396,0.10048175816187824
2000-08-03,-0.099625899296881,-0.4367326414921943,0.30183137561864476,0.12113336416950478
2000-08-04,-0.667190586212328,0.42175332805990373,-2.2440352831795893,-0.06511277937943787
2000-08-05,0.5866367691382396,0.1557386974048692,-1.251718401610107,-0.890521862587237
2000-08-06,0.9985600852274746,-0.05451102759679509,-0.19666485908245576,-1.2166407398791634
2000-08-07,-0.3054257441442127,-1.6757068323097004,0.09653116274029229,-0.741324661235683
2000-08-08,0.08998103325068495,-0.9714143083933635,-1.963561929159478,-1.79642142147708
2000-08-09,0.6462574165036744,0.7388762586544118,-2.1639504731682386,1.1378576794923871
2000-08-10,-0.8222567237392672,-0.1978494403567422,-0.34460257366107533,1.462682640287086
2000-08-11,0.08326997040633079,2.2272089334062017,0.5848808082653426,0.6953694181059916
2000-08-12,0.7007293148818388,1.0530727849241748,0.14849419707027478,-0.028490585914934807
2000-08-13,0.24677904528959638,-0.4493513821419704,0.9857078996433021,0.6749705809990451
2000-08-14,-0.9045365721031252,1.6893972126326542,-0.5650781726314839,-0.1735316515897527
2000-08-15,-2.0660793976854186,-2.069910016320328,-2.3946667852911214,0.05300095626089209
2000-08-16,-1.7119312425721613,-0.5978380021731948,0.500980535408881,-0.09247946692560578
2000-08-17,0.9118506476083893,0.899862574396895,0.5509718182028687,0.21426724531736754
2000-08-18,1.0122069784183942,0.23970336965911296,1.0450097412907302,0.6668319854338476
2000-08-19,-0.4084855293466854,1.6823215635433755,0.6155295282967409,-1.891885427316158
2000-08-20,-0.5062603112848961,0.47640120844002565,-0.14630478627603394,0.22003210601247358
2000-08-21,0.044836618277348056,-0.4719405191415104,-1.2407145939119282,-0.2721571491224991
2000-08-22,-1.1965537612384012,-0.2760906712714983,-0.9753216372193626,0.03227536381214788
2000-08-23,1.1221840618359096,0.29797588526626634,-0.6476714785559491,0.28830492134033425
2000-08-24,1.7775249991195186,0.22781101564705378,-1.498167666848507,-0.346568498989702
2000-08-25,-1.0788596532729315,0.453303990873064,-0.8447006968184914,-1.7204147820516933
2000-08-26,0.981578393055053,-0.38133212163708485,0.08180733068419244,-1.0759026556277675
2000-08-27,0.36322668528689983,-1.122880698764295,1.8988453111209453,0.32029410773986267
2000-08-28,0.1281951507309515,0.7305444235694384,-0.027526268299873154,0.12425300580765869
2000-08-29,0.1972805232712507,-0.38591837026843295,1.959344437340056,-1.5943239279100474
2000-08-30,0.5807022159722298,0.6625608904101781,0.0018055845843596462,-0.4415243151286609
2000-08-31,0.4140914098699946,1.0548024512618623,-1.9137705943750565,-0.5414739011940025
2000-09-01,1.5614243954929239,-1.672009609059785,0.9630954947775183,0.29365838115030474
2000-09-02,0.3052567543822698,0.7573749229106547,-0.7586222486333836,-0.6084960354748573
2000-09-03,0.9511805922411726,2.4388233340136183,1.2891809682903403,1.5811682061888575
2000-09-04,-1.299431322873181,0.34662418352867086,1.4111136749738944,1.4051955133977119
2000-09-05,1.2130986705280042,0.2884410206640157,-0.4825669773434464,-0.36400050113664584
2000-09-06,0.9830952437745061,-0.9670372261978064,-1.0423710831572304,1.5773671162841818
2000-09-07,0.4993067601346131,-0.5727924486765644,0.6242291127828845,0.8309634748099793
2000-09-08,-1.787006911628981,-0.47423696994284265,0.942688957314879,-1.2085707481876222
2000-09-09,-1.2838339602334672,-0.6219531018115537,-0.5713372906473762,0.61756131434511
2000-09-10,-0.855457698769967,-0.24458972298787138,0.9039650375329388,-0.6422563177994429
2000-09-11,-1.8830563558189777,-0.061537733932012444,0.3783840377724909,0.89451709385127
2000-09-12,0.7299629984839846,0.9392453535902571,-0.6985570754944489,0.5312158388643882
2000-09-13,-0.6280403272607357,0.818109085043977,-0.07002787616636118,-1.3377905893306983
2000-09-14,-0.14295962490342703,0.36163275326566074,-0.030392503570718037,-1.7085704094297096
2000-09-15,0.28700379607347015,0.5684958886702899,-0.5071042053204523,0.6476197841263298
2000-09-16,-0.8870876739783814,-0.890522553911848,0.6518777035975052,0.023920391750617494
2000-09-17,-0.7938919447473893,0.7920820590283583,0.28481552086190015,-0.33159755585543393
2000-09-18,1.2045392327576234,0.9139194081623601,-0.07947629782873447,-0.2337971073380369
2000-09-19,0.3970793792929334,-1.1848053458793761,-0.16179769848818684,-2.340075440748588
2000-09-20,0.6481197684721287,0.6294235142792249,-0.15454334585250928,0.04378266485371902
2000-09-21,-0.6966703213932562,0.2771513764535286,0.42483536476066014,-0.39675660811535457
2000-09-22,0.5313196419708278,0.40666647660218713,0.7295914358258732,-1.869054387153966
2000-09-23,1.143051353765933,-1.6562134838824611,0.7909404108037245,0.3173040013504306
2000-09-24,-0.0007281766335393746,-0.4324833925462496,-0.45108042771769646,-0.23740506516372703
2000-09-25,0.9754007382340358,-2.1383417103054243,-0.7566410996935274,-1.8420325644173408
2000-09-26,0.4435593179601256,1.1567321604882816,-0.7956115148265034,-0.5071504863997139
2000-09-27,0.7025350871806865,-0.600264888032909,-1.212755907051052,-0.37081362260669404
2000-09-28,-1.910159255964059,-0.06715885200452046,-0.7292307912419035,-1.513795095338089
2000-09-29,0.1613659092816788,-0.5405367927047641,0.7995455850468584,0.33552229971330116
2000-09-30,-1.1331646033815541,-0.022809765555262464,-1.542958965361163,0.3331381718393905
2000-10-01,0.40457271446103155,-0.0415414766759712,0.34238234185410016,1.3140923053986002
2000-10-02,-0.13654901399640473,-0.6423054117473029,-0.9763782326795638,0.6435564515726946
2000-10-03,-0.9482274867638183,0.03321793555675813,0.5610501850402766,0.25738221296204356
2000-10-04,0.8885700345128754,0.9478760411677939,-0.3663027945701894,-0.8513894144902855
2000-10-05,-0.43987410184183523,-0.6973771535109904,-1.7233147574516403,2.7784573678118094
2000-10-06,0.3772125462906895,-0.11271954936719716,-1.5283377408763377,-0.7290445664792905
2000-10-07,1.3790157245337629,-0.31661510166287454,0.18759995710161761,0.08626677847496506
2000-10-08,-0.9569767760651707,0.012486292146781984,-0.25720449503906817,0.029369092363974225
2000-10-09,-0.04997460312090785,-0.47931367824387533,-1.58778579769564,-1.6189794694397188
2000-10-10,-0.867641287236971,-1.1859105670679142,0.9564280870578492,1.1190274493583003
2000-10-11,0.4092139620151052,2.3506124842217986,0.9969624256446158,-1.1218940756052556
2000-10-12,-0.6121046909398978,-0.7317198004386257,-0.5349206266499633,-1.9782882674437916
2000-10-13,0.10016655601678007,-1.0251108252386838,1.4073771172948661,0.3144740836409833
2000-10-14,-0.45889751741258256,0.6494553038048708,0.23343507408144504,0.1269302197320964
2000-10-15,0.9170745758106752,1.09185442640658,0.4425661743540985,0.6475782448247286
2000-10-16,0.4809486449033043,0.5415701233615927,2.629820959087446,-0.368441703451362
2000-10-17,-0.6966597388525025,-0.7686958600844016,0.9835793118367016,1.0383391683972603
2000-10-18,-0.520558755707554,-2.301524785439721,-0.18714679013746105,1.8410224521340417
2000-10-19,0.864461886848094,-1.2568612426506864,1.1686251092378888,-0.701938047049482
2000-10-20,-0.8645776318194421,0.6492664095618523,0.38552004250508876,-0.5771862196689965
2000-10-21,1.4692544332232091,-1.0361105976768676,0.11337127110988637,-0.5555292914356967
2000-10-22,-1.338114762248861,1.722909218823695,-1.369921352404746,1.0441671407250714
2000-10-23,0.15800078237341356,1.034724532295317,-0.3534637587722481,0.2598922220064219
2000-10-24,-1.303781408461535,0.9257289608301379,0.04861979829680335,0.539928884956531
2000-10-25,-0.6845875327156176,-1.6425581083057637,-0.12294197346633956,0.07217447827832474
2000-10-26,-0.5507078538230188,0.7229190622322751,-1.2569992238190975,-0.7088310201807938
2000-10-27,-1.6340411291783552,1.5989387551834608,-0.9132788227033862,0.32438303829766313
2000-10-28,0.8887560814356014,1.4162160196884073,-1.9170313594949597,1.5988048383375242
2000-10-29,1.163803639832077,1.4654198419228341,-0.1850320479770207,-0.2953020359975283
2000-10-30,-2.238635395092652,0.7597906829608347,-0.10006657162510083,-0.5209275593227727
2000-10-31,-1.9295687181908059,-0.595258877388047,0.007738108481159688,0.032878290052060465
2000-11-01,-0.830025636767136,-1.0152630049736964,0.06746453304942578,0.26202921554546915
2000-11-02,-1.400445995970037,0.14389219824060148,0.3645145247782707,-0.31424894499846745
2000-11-03,0.9979459951748891,1.0533058072460677,1.246550113635511,0.1318649937707672
2000-11-04,1.0804506311523676,-0.2615582540863583,1.469759069009355,0.43965448308143407
2000-11-05,-0.37883697156237434,1.3189357877726031,0.6783889561197388,1.0551744945748704
2000-11-06,-0.42670542029707215,-0.19846029403475757,0.23345824171583043,1.778275532220626
2000-11-07,0.48810637946515545,0.34978013467192076,0.8429983824838815,-1.1386329253631278
2000-11-08,0.023170544060268448,-0.3066225781038655,-0.6253106058047413,1.5017284064492697
2000-11-09,-0.18519002786824393,-1.973381784292508,-0.7151282845769226,-0.874824053058417
2000-11-10,-0.7661152608691009,-1.968756606178559,-0.22730606909196188,0.5776944328818814
2000-11-11,-1.2515996813349048,1.2037858181721794,2.8573952415038097,0.050577892717871324
2000-11-12,-0.6418088006437846,0.6428996853721843,-0.36918275702923636,0.9875257735943351
2000-11-13,0.055686601742783184,-0.5611983542644131,-0.8383329842167473,1.1393477633446203
2000-11-14,-0.5588025062433781,-0.11414331293457947,-0.2710104551429908,-0.006365258601991922
2000-11-15,-0.45178984508944275,2.514883732008675,-1.9332173850305179,1.8300674729464994
2000-11-16,0.8457647299121203,1.2310895466023357,0.5076006295304936,2.483273256693341
2000-11-17,0.5530244660720791,-0.11198693309009246,0.3764278576305548,0.6355708488343845
2000-11-18,0.6991960735533599,-1.3631975063011692,-0.49149721918691863,-1.1126902330715231
2000-11-19,-0.157885805685526,-0.31449702578643757,0.18098841709238578,-0.31582155026978304
2000-11-20,-0.10080227649608776,0.35779614421238154,1.1505576728792082,-1.2224926859651903
2000-11-21,-0.024401510068789503,-0.4534909555246774,2.3713929532989018,-0.41245811125766063
2000-11-22,0.8209110845755654,-0.5666608610267208,-0.04613584839699314,-1.0395629173162282
2000-11-23,2.6415208867090163,1.4075074695947853,0.5262743648114123,1.6306963443155056
2000-11-24,0.6147234088051271,0.3023805950011643,-0.3313762975680243,0.06668050949662419
2000-11-25,0.5007624874806962,-0.549248671706732,0.29823160780259417,-0.9415574617825954
2000-11-26,0.6732863233651576,-1.0111408744573893,-0.4262397313147352,-1.0375618469268435
2000-11-27,-0.2967845694914184,-0.7489652294068372,-0.4326330791518885,0.6846312043873077
2000-11-28,0.21529497869228678,-2.054840212950154,0.5243118391560001,1.6158606506633575
2000-11-29,-1.0521335363654973,1.2743535718303887,-0.4893485198982647,-1.627983706148008
2000-11-30,-0.14573647436015205,0.034135241808000906,0.29736495773967436,-1.2837634642078672
2000-12-01,1.6963694415133928,-0.6454213302356341,-1.3918901665863983,0.16424567316782407
2000-12-02,-0.08463960246879376,-0.30198809768688994,-1.222300083289904,0.9486816273551906
2000-12-03,-0.5452167772637805,0.5784497940042207,0.12439938225125936,-0.722232423294789
2000-12-04,-0.26795237046199,0.26424988368155605,-0.44042482235047853,-0.44630986081931584
2000-12-05,0.4547488125857426,-1.329887608486892,-0.1620032602189363,1.941251968174761
2000-12-06,2.691173492197296,-0.3993993799478529,-0.2150134084274814,-0.4708246489949404
2000-12-07,2.192223087294246,0.7547940252262288,0.9970832593375782,0.0365986431853809
2000-12-08,-0.5945776536420827,-0.5613398671983939,-0.6402520620243685,0.1384042751809434
2000-12-09,0.2789468774682986,1.299834935682265,0.20946012583019102,0.9409695238722644
2000-12-10,-0.8454577992999586,-1.4000038275643583,0.7676643482247931,-0.9379693122726569
2000-12-11,-0.4224215936958459,-0.7444081269802255,1.0584123383213508,1.3271965612308674
2000-12-12,-0.9813373956339689,2.463883628266114,-0.4928608666245468,-1.1661996267577563
2000-12-13,1.0578991595174576,1.3534850592390881,0.8057986877666768,-0.9406375663974914
2000-12-14,0.7306418335171246,1.5600342908334748,0.7519976965513743,-1.8544516931546273
2000-12-15,1.530087838829818,1.0784146706449849,-1.3238115546532625,0.9899005718847392
2000-12-16,-1.0634123039352898,0.5494045837320441,-0.036043411744926555,0.36319151020560647
2000-12-17,-0.384004490475657,2.029980155804613,1.763924044923204,0.7558256967721745
2000-12-18,0.6958051358518532,0.4361485314536225,-1.4430252885129395,0.9119171210220557
2000-12-19,-0.6457952663589824,0.21818875777723057,-0.4624025767395494,0.5992259754203302
2000-12-20,0.8746194647884081,-0.8958552412053341,-0.25102726263887276,-0.48652677200105354
2000-12-21,-0.40608975601928116,0.1780530051528135,-1.1726671182067467,-1.336195410823027
2000-12-22,-0.19993344778069286,-1.6866678727573634,-1.2784373685566572,-1.3842987391510906
2000-12-23,-0.7956017167406606,0.051712177782229474,0.8392517129347514,1.2731577917739956
2000-12-24,0.1781137869448156,0.6554168905187692,-0.9070615156880335,0.39544174490137873
2000-12-25,-0.06097427631836865,2.5735629059737315,1.6746764384871105,2.0643678658770273
2000-12-26,1.2367519310955108,0.7230299413094873,-0.14580424300945186,-0.32388459047012214
2000-12-27,-2.6371990532297707,-0.30865371759867816,0.5575950754075822,-1.2449823564416462
2000-12-28,-1.3819302203295718,-0.2590154312663767,0.38594832508273863,-1.0883964286687702
2000-12-29,1.376588499631855,-0.7952565341950707,0.31761648562130257,0.5868661997288873
2000-12-30,1.0598422568905936,0.5203338457371907,-1.2042251357869442,0.4247612129513837
2000-12-31,-0.3958162192314476,-1.590518355359009,0.04280329237055026,-0.17653107551972494
2001-01-01,-0.6267845636186835,0.6553618402073834,0.383747152806379,0.29453639218789945
2001-01-02,-0.16018983325901523,0.7502596751351144,0.5359871712138443,-0.716157948254914
2001-01-03,1.0657886814217703,1.0083021095110307,-2.0558703037959445,-1.7650956447511978
2001-01-04,-0.849003983252704,1.2384476040780201,0.5350897321225975,-0.7304066607077823
2001-01-05,-0.9613312445897125,-0.2884807053434353,0.14603963240208778,0.8241873155089845
2001-01-06,0.15316280868259402,-1.5088971989418536,-1.425600255138215,-2.1373289078697724
2001-01-07,-0.06427256428624104,-0.08836778188985413,0.42337052234246336,-0.672013461771594
2001-01-08,-0.02997450052820787,0.5086228155804436,0.12916464086245646,0.2438622702125545
2001-01-09,-0.24453471672438226,-2.7056809855225015,-2.4093991684531506,-0.24156969808832127
2001-01-10,0.4052672103941177,0.8995137948082826,1.065364361844021,-0.02157744155549097
2001-01-11,0.2684723454196706,-2.4757917013473425,-1.8078508361060739,0.6622029472541123
2001-01-12,-0.17788403309758885,0.18140138653984403,0.3055114828117376,-0.7487828883795111
2001-01-13,-0.5422701835074898,0.09282574062340088,0.4878240277559134,0.6116895805414537
2001-01-14,0.7209078664328138,0.8687994207991484,-0.5769475426950209,-1.2514363997538673
2001-01-15,-0.584592584868764,1.0113546222414622,-0.604921066562348,-0.2118357619408566
2001-01-16,-0.43927895551300994,0.7125362536083614,0.42830931414437073,-0.5369719616033264
2001-01-17,-1.444384975429242,0.898449715566245,1.5939936810752957,-0.5640503239666171
2001-01-18,-1.4344490801048468,1.0766470712428724,1.2134235520942787,1.5433006998606507
2001-01-19,1.3204577476861883,-0.5812275804900775,-2.7335800961865853,-0.7792219091405657
2001-01-20,-0.59059173282916,-1.2923195242647303,0.3946195882143444,0.024962565632122378
2001-01-21,0.4389885248196382,0.19315886332307106,0.08320143954613003,-0.5177866946606142
2001-01-22,-0.08070039209043268,-0.015384282165681202,1.5790702267569734,0.7369013514788054
2001-01-23,0.006526443027907605,0.4648387535080859,-1.7390565670741673,-1.4856709942950383
2001-01-24,-0.2643316539831688,2.093126656875427,1.5789702095514144,-0.6318250412947126
2001-01-25,-0.6355898345794724,0.5389221054155385,0.9433574467492296,2.33945766708138
2001-01-26,-0.08334571817543383,0.493670661740226,1.3139789807108526,-0.7925747104564647
2001-01-27,0.9939240564746513,-0.32974378752805394,0.885454093463526,0.34871451081482313
2001-01-28,-0.4311116582851052,1.764391511531752,-1.1683884538831408,-1.0691872325415894
2001-01-29,-1.467738861357382,-0.039416348575665464,0.1863597197964475,-0.25957512334581234
2001-01-30,-0.891857270525765,0.025083536867798174,0.0256201105417984,2.1574203024657637
2001-01-31,-0.11719541075859706,1.5788969562520496,-0.43491901812630535,-1.4585801428573348
2001-02-01,0.9213065635459341,-0.16796339647646977,-0.8059313215443288,-0.6444996043775302
2001-02-02,0.891510221099684,0.35137305194241875,-0.18808340770619253,-1.462001182623985
2001-02-03,-1.0210542936028675,-0.7363273419418392,-1.2364897304561504,-0.2239133314778799
2001-02-04,0.2031064870058701,-0.32483954397870757,0.045398689091802086,0.14547209676759096
2001-02-05,-0.8628716693716465,0.6029683997280512,-0.8217237450950214,1.246021402695974
2001-02-06,-1.3945392975809812,-1.164446472388701,0.017376065659128467,-0.1335948866101525
2001-02-07,0.605881281243157,0.13808944517295565,-0.6917599908397011,-0.6376263280571327
2001-02-08,-0.6700129860747088,1.8140538733658909,0.44107879924243615,-0.0793410381789162
2001-02-09,-0.11716614174499143,-0.4517332875033853,-1.1058622759069674,-0.9388063354589284
2001-02-10,0.3022287459163455,0.3814660179220514,0.370630637947074,-1.4465026204004774
2001-02-11,1.4140724786422487,-0.5073221091999737,-2.1111067707955655,0.7128905750636113
2001-02-12,0.12297945898157525,0.7702175695557972,3.196142126569129,0.2867546480961046
2001-02-13,0.6387459897608826,-0.9348227812894745,-1.327028643179177,0.06762432408320768
2001-02-14,-0.6288194209947254,-1.365914143184331,0.3352200024790957,0.8917955029111209
2001-02-15,-1.1102979281812806,-0.5524930333590612,0.7318550928716965,1.4732841513666266
2001-02-16,-0.48384335775662024,-1.0842573340010366,0.26347456980459805,0.5594283061693778
2001-02-17,0.32133975217185756,-1.3049826745490267,-1.1654248177145585,0.38435339054841505
2001-02-18,0.22298693686271523,1.0105877538005719,-0.678353675033176,-0.5431646661024564
2001-02-19,0.6609070340126907,1.0262031546699322,-0.8360285899987865,2.287858732810245
2001-02-20,1.3514979076152411,2.3199481670207973,0.8772746543074028,0.6787307689931684
2001-02-21,0.6889070940843376,0.20115457007773424,0.14089008013740842,-0.1229082956568882
2001-02-22,1.7817000581396591,1.4230598611441962,-0.7635414025773163,-0.6428305147337992
2001-02-23,-0.6334898507362393,-1.829063386945088,-0.46427644508629806,0.107868410160922
2001-02-24,0.10829671166792246,0.5230317031941392,-2.253837593912738,0.9988318975197034
2001-02-25,-1.1891700871456914,-0.16481333261683923,-0.7000779320490277,0.6272461362781164
2001-02-26,-1.196100090811105,0.6412199487611232,0.4941522321281109,-0.443115650828065
2001-02-27,0.47034698613116255,0.09292392132549622,0.7885711638279943,-0.32914051006259404
2001-02-28,0.8539522716448484,0.6890523587232033,0.012716947788610667,-0.47424446378331403
2001-03-01,1.0507583127354674,-0.14527450130951516,-0.41280904450114936,-1.1488992870056818
2001-03-02,-0.4788056962732445,0.9888365801280026,0.7445817558186202,0.9561656618211238
2001-03-03,0.5967584540975561,-0.5885576281741869,-0.42184189642384756,-2.395843591615915
2001-03-04,1.2645547486855184,1.6914358316854734,-1.0514933022741366,-0.28431977725836005
2001-03-05,-0.03535115966757956,0.6227170755434224,-1.0426353586835353,-0.21327702186826822
2001-03-06,1.4545862788497632,-1.193630476098207,1.536747726958642,-0.29123930723489705
2001-03-07,2.426111972783367,-0.5644896551419234,1.3502581363912864,-1.4578181930885243
2001-03-08,-2.7984072694525572,-1.0253729197415962,0.24208167604662217,0.3846296916919557
2001-03-09,1.123793881001727,1.3457363860523661,-0.4068023863862248,0.8631057783113494
2001-03-10,-0.3563553350910606,2.039444082053947,-1.134096301921814,-0.3478225632561821
2001-03-11,0.006578115930334461,0.03399391767977524,2.206975506128624,0.6808886223547554
2001-03-12,1.1824962751749757,-0.9581434526005913,-0.8837545732006015,-0.9220570335869795
2001-03-13,1.6153242127520229,-1.2524152047836326,0.54830698803971,0.7147584326443207
2001-03-14,0.1634482536834321,0.6595810808712892,1.3148412494262895,1.5588684801743002
2001-03-15,1.298429350303731,-0.712271786516766,0.17910838549501168,-0.4959451711588179
2001-03-16,-0.3305165383234621,1.2387852287413992,0.2545762379559115,0.0180561359578517
2001-03-17,0.9609785380530004,-1.3725763042039472,1.590397028086067,-0.2683541511049667
2001-03-18,0.67151642311631,-0.04818285946316011,-0.5076621112594382,-0.850324945326481
2001-03-19,-1.985852790717367,-0.20443564980907158,0.5987875160251231,0.8239209863694565
2001-03-20,0.4078034648142314,-0.4016133498706196,-0.4148418412383088,0.6358370275092281
2001-03-21,0.5589804339522504,-0.7878010231241114,0.22788152010726428,-0.1535487744664494
2001-03-22,-0.8298545627263734,-0.38414619972145353,1.187153911954446,0.8666261368056741
2001-03-23,0.11467083703976212,-1.063941838168211,1.1902177343368483,0.07053626631002573
2001-03-24,-0.7955909579173941,0.20999981044404384,1.0972076082894835,-1.1523297318082821
2001-03-25,-0.4763518200897995,1.879968357988349,-0.5361481255545789,-1.014412705180944
2001-03-26,-0.30061216320218337,0.19788210945909795,-0.4055025747056351,-0.21303906014463037
2001-03-27,0.6456914663990274,-1.0656412341573338,-0.14886545467919696,0.9365003931916863
2001-03-28,1.026806887866607,-0.6290117224997536,-2.039646897237142,-0.3198452883427186
2001-03-29,-0.0563014518401894,0.6375289444659914,0.34572560570466604,0.33668487472303216
2001-03-30,-1.1099987848920427,1.7551022855311458,-0.3330124924394663,-0.09809754288426892
2001-03-31,-1.1191194226689893,-0.24773809722977624,1.564794163118219,0.021780026914144462
2001-04-01,0.2673122174495376,0.009719532083061306,0.5209984347907344,-1.4479266480289292
2001-04-02,0.25081153425920855,-0.46057822268431337,-4.5999938088518455,-0.4038717543882363
2001-04-03,-0.4007729859953048,0.7256904536603935,1.6475041716378762,-0.2943686571220854
2001-04-04,-0.752120169920598,-0.216170471395962,0.07797479563541576,-0.0517885127545449
2001-04-05,1.5837330947207666,-0.592555095664906,0.5770841538677661,1.4892942014726944
2001-04-06,0.5467151451728951,-0.776189984455244,-0.6521731955309009,-1.1792450940402193
2001-04-07,1.2467028330262682,1.6841642028277823,0.279435328143266,1.0116808704640967
2001-04-08,0.10576243577829314,-0.5803346632690947,1.802790943889252,1.773477752930518
2001-04-09,-0.8123088862238279,-0.34483302754599254,0.7834924834763601,-0.34665321298563867
2001-04-10,1.541122544810568,0.692049263331324,-0.8949506941813651,-2.458266018785646
2001-04-11,-0.6996072761494047,0.3683166650246673,-0.7410687412522133,0.790838544673258
2001-04-12,1.373375800372127,-1.4890289648645463,0.5916432700624764,0.6263774008113401
2001-04-13,0.3169942579495194,1.4079363579147983,-0.6056979165336653,0.44169649965178753
2001-04-14,1.2406138366526958,-0.8047556208546635,1.952953739003457,0.4778775510159703
2001-04-15,-0.08071511368261412,-1.0622491828432212,-0.1777414468595401,-1.03118853390614
2001-04-16,-0.05123023790627772,0.8740305123513643,0.7845716910978974,-0.553801551753164
2001-04-17,1.5975063401726342,-0.7141609254797129,-0.6548308196104606,1.105419982945007
2001-04-18,-2.2167521605879332,-0.056259986220442725,-0.07486880209088191,0.6505289090345149
2001-04-19,-0.16890728978168423,0.009000057373874566,1.4362817279174773,0.1512077408089347
2001-04-20,2.4873298647984607,1.3597813996916381,0.5258766716228405,0.1301477768964705
2001-04-21,1.392141367298556,0.9520133662724851,0.5179946814953552,-2.001705366912946
2001-04-22,0.21666074363403617,0.6260884535998509,3.6129912891920872,-0.8714868293670095
2001-04-23,-0.004086662015582666,0.7540465999284286,-0.9111130637836116,1.1195555840140563
2001-04-24,0.46857863712169723,2.076731179610963,0.061203325913693374,0.06234976498929681
2001-04-25,0.5147159939745248,-0.3330933556599932,-0.8470100182013472,0.05067956159277865
2001-04-26,0.7124927839294568,0.43517603900521135,0.5860627729556289,0.2836248647575223
2001-04-27,-0.8253725069668045,-0.5508594937515963,0.7693608634019392,-0.24665778315642684
2001-04-28,0.08480895563485974,1.0412932450376746,-0.7851391204533683,0.06140500794609444
2001-04-29,0.23611719030119832,-0.09472633788129714,1.6920810935426083,-0.6795129752349829
2001-04-30,-0.48096707193351734,0.39983350162274756,-0.07893483523960446,1.3133682052996842
2001-05-01,1.329711327849056,-0.035316215693408794,0.03193173678989409,-0.03389497926970273
2001-05-02,0.5758979425707546,-0.3449919210220009,-0.17678247859737165,-0.23456346232685107
2001-05-03,0.12411926533057524,-0.1309410944181268,-0.5523790183794434,-1.1003211655353229
2001-05-04,2.2335590200513056,0.25183128178640335,-0.20541048448688304,-1.1716591688346323
2001-05-05,0.49411188860169775,0.8356597373058812,-2.0172777872503933,1.454008594880567
2001-05-06,0.9017990977782917,0.10419116233158802,1.0262284117492368,0.08539823046773062
2001-05-07,1.4841637103711,-0.4143278015010974,1.5139076751143663,-0.3316633543525846
2001-05-08,0.2943345991107899,-1.210808419150392,-0.05487039604572232,-0.043357500368477325
2001-05-09,-0.048787735000723045,-1.9980669254589807,1.2043197014115,-0.3309505186769283
2001-05-10,0.01728128355067764,-1.1734000938506428,-0.8776953647698379,0.3431185556357083
2001-05-11,-0.5156843481863363,-2.7390877539452227,0.19987762124129485,-0.04908145340736948
2001-05-12,0.6640948575108411,1.1459290128455912,-1.8784560093987044,0.3101835412850924
2001-05-13,1.3281830699327386,0.9744091832203845,-1.0371350351976003,-0.19746519124708115
2001-05-14,0.2276736191379454,0.7917701756020243,-0.944858418092596,0.9133531310026521
2001-05-15,-0.3322269172810921,-0.2275148637483331,-1.6999250226103129,-0.46389098104316817
2001-05-16,0.4148357755103152,-1.2839886213942624,-0.476260811201212,0.2683576256274513
2001-05-17,1.59082465797374,0.8846396033691923,0.5242695179658476,2.670745483560539
2001-05-18,0.24783916061753988,1.5558017237595323,-0.8509585126565308,-0.9636527522738425
2001-05-19,1.2816664478216735,1.2200163585727801,0.4473689565523981,0.9085926190811997
2001-05-20,1.1498157336522643,1.1977944874389255,-0.3906270737935087,2.453956941647878
2001-05-21,-0.5002780379544416,1.6508063394126404,0.29822224839365585,1.4578024880948892
2001-05-22,-0.9919648888697683,1.1967585829435146,-0.30785784217796214,-0.7983351690086818
2001-05-23,0.06240660531699296,0.43096299843133207,-0.78724004853624,-0.5136894644390059
2001-05-24,-0.3185878384740946,-0.3564262240015756,2.151450348789216,-1.099555565532644
2001-05-25,-1.0669104577619124,-0.055108122709278576,0.7766309111042498,-0.36501524460746726
2001-05-26,1.855909008101385,-1.353726113423197,-2.0386651067735904,-1.6299413101948794
2001-05-27,0.2215264698661823,-0.964507497424299,0.6552074622278251,-0.5043932423648777
2001-05-28,0.30026731924286015,-0.48608058432656304,0.17386422241028368,2.0158346932837694
2001-05-29,1.3802789794741366,-0.17234777792572814,-0.21917546336988905,-0.5581484644829626
2001-05-30,-1.1667987978499217,1.004183707036766,0.20768161756776815,-1.2796129266058853
2001-05-31,-1.7548037686549047,-0.24108327237025964,-1.745930745283161,-2.7188935571475166
2001-06-01,0.13361797140352985,-0.5280567376969709,1.6338198614060364,2.556623952891399
2001-06-02,-1.8671842411437933,-0.7936973705314107,0.738100552826612,-1.1379512328813317
2001-06-03,0.11060265557625154,1.722112247394357,-1.860605153203869,0.6377011426308095
2001-06-04,0.9028917950831787,0.5745320196480056,0.43583127037595976,1.0017989034846233
2001-06-05,0.8415826675319981,-0.6414688396386181,-0.37611774948744997,1.0099402372938169
2001-06-06,0.2560471137772065,2.0983928712933855,1.2993807872372811,0.7803295269545965
2001-06-07,1.2850012703828337,-1.0060607667272334,-0.21024287205856051,-0.609073587538245
2001-06-08,0.7362694955825146,0.4027552636289735,0.706204848106355,1.0186396389654273
2001-06-09,0.13550356729622842,-2.7811728202182544,2.8766457323244157,-0.6933845282426383
2001-06-10,1.116949118977809,-0.34374920549191806,-0.1482513670521284,-0.6409508101703881
2001-06-11,0.027019806063283344,1.3514787255335337,0.21615900889941309,0.8494240851250088
2001-06-12,-1.5898304441133513,1.596852340277562,0.5888124845052921,-0.7943445203256202
2001-06-13,-0.02483213396311302,-0.5291624982612755,1.1441737265965917,0.8974313790058464
2001-06-14,-0.37230138856440426,1.0617543279986854,-1.673960688207139,0.4827438830177384
2001-06-15,-0.3928063640291879,-0.0016088162176589773,0.10897233966649573,-1.3914230661480929
2001-06-16,-0.3353729619184998,-1.330198705639575,0.3982038514575801,-2.5177984518922703
2001-06-17,1.0428013971053105,-0.39683225248906173,-0.30418397605364095,-0.45333883529370794
2001-06-18,1.902150155899941,-0.9511345754443213,-0.06364912268148902,-0.16057167097325611
2001-06-19,-0.8885466670395907,-0.1437859596803559,0.40017648039672554,-1.3148890991441518
2001-06-20,1.2198299891257662,0.058671967968665265,-0.3113459188225218,-0.10949230918886578
2001-06-21,-0.973909459759026,-0.18797292829088597,0.005733540367807194,-0.5960769891828889
2001-06-22,0.2735431482276485,-0.19246473586232113,-0.7530782494788343,1.0939213296286519
2001-06-23,-0.4336826476643883,-0.39653191489185907,0.8720269810256797,0.15146686397716422
2001-06-24,1.18302257056346,-0.7420106129429905,-0.8638542072998607,0.2911152847313836
2001-06-25,0.7672442304392055,-0.1337943993232059,0.10074343343531236,0.02408131708080573
2001-06-26,-0.4876379667518115,0.9076236338803826,1.3567952104247722,0.3593260950927954
2001-06-27,0.2981671862826536,1.4100995425727594,0.9378493480605967,0.3359949276588161
2001-06-28,0.38858985154340797,-0.3258999283379503,-0.5402014405390544,1.1647930887673337
2001-06-29,-0.23332254337503194,0.09420722215626738,-1.2811931945930104,0.9777343612972291
2001-06-30,-0.5342570682517586,-1.2469582048032546,-0.9655554232503542,-2.0582580700249054
2001-07-01,0.29968610024371556,-0.6279848900918159,0.7301877981620095,-1.312630313900376
2001-07-02,0.5100463319366025,0.24290102736729435,0.5316048408673418,-0.200170853511127
2001-07-03,0.8554966130528673,1.3805658231375908,-0.7113672606153878,-0.38717847926315807
2001-07-04,2.189936887462457,-0.9106856906669432,0.17414351658384739,-0.47050362037852306
2001-07-05,-2.5409709010599,1.3931913878968314,0.9393959826863293,-0.5297272241862042
2001-07-06,-0.030602708557885147,0.41348898817901547,0.4427770041560497,-0.7936681616633782
2001-07-07,-1.183977630937676,-0.3767840355667695,-0.3368686985814942,0.5336117927921605
2001-07-08,-0.0350463092733652,0.24641625343355616,1.059368359296229,-0.5383856202408489
2001-07-09,-0.6806004235965164,-1.3656539357847863,-0.40350903632569096,0.2922857547167945
2001-07-10,0.18211521548992526,-0.5490373351606525,-0.2820190191288115,-0.16425994718906953
2001-07-11,-0.07357795865185217,1.2883577818401937,0.9508373969138505,0.5962293927419899
2001-07-12,0.3923289279873981,0.7564156219898279,-0.16266164913595452,-1.4943370933600013
2001-07-13,0.6834671059100024,0.715001664145839,0.6542254898553949,0.07843810444913812
2001-07-14,0.02279761646671858,0.2654012611147215,0.9784716143564933,0.24689078448729448
2001-07-15,1.3307225521948556,-0.7623511030553204,0.5547817824812407,-1.0104027497326364
2001-07-16,0.09931324852177274,0.6432282492045972,-0.31896245181996447,-1.2667108940719383
2001-07-17,-0.6548609034819959,-0.9961517079361809,-0.9205323032419402,-0.12684853281421177
2001-07-18,-0.7490276975251428,-0.788209508566973,-1.1440330332014454,1.062060425188528
2001-07-19,0.015377808751168676,0.09790779226877713,-0.9626100147378964,0.17258953429893725
2001-07-20,-0.453717770694118,0.1977917605409599,-3.377513570937818,-0.049834461171804324
2001-07-21,0.09745415182812758,0.15005736331704764,-2.8166988356553713,0.2380380699657238
2001-07-22,2.2055779517953167,-0.7002121387931903,0.9640379637884049,1.3561984859821086
2001-07-23,1.0344802206725303,-1.6669815381574935,0.4952637045506504,-0.5668704328293778
2001-07-24,-0.6533783227745255,0.758691643138773,-0.8683096770463022,0.8986983812139009
2001-07-25,0.4582383463578402,-0.48995514788352246,-0.8297101044615023,-0.8136724925433806
2001-07-26,-0.7563325221107186,1.735081360006652,0.5201433961622016,1.1488435114256703
2001-07-27,0.9784937914579975,2.0118460488156615,0.33483852049322965,-0.4683602050132957
2001-07-28,-0.6388598847929458,-1.7496294526758118,1.1860781731966112,0.8403270316472069
2001-07-29,-0.038456225149271106,1.3584396494167807,-0.8944138364038045,0.5440537308736482
2001-07-30,-0.3023325814453242,0.68060393823372,1.6367435010754856,1.8170342747149206
2001-07-31,-0.18055728374250804,1.0467845400047189,-0.49592135114653485,-0.7497041624600296
2001-08-01,0.7431614838598376,0.674170925387091,-1.7586662183930735,0.9972351108529749
2001-08-02,0.6661934758936563,0.4727220440844867,-1.080136345935227,0.057275987027303306
2001-08-03,-0.7108290401343451,0.019079621359872935,1.1665939330997872,0.2783201350969366
2001-08-04,-1.4500251318364443,0.5859980162014693,-0.5430326351560435,0.7466172344354506
2001-08-05,-1.9036379196696236,1.6158304176141984,0.14515912180107618,0.010370799526439515
2001-08-06,-1.6445942260504698,-0.28238726797564595,-1.5185432566714792,-0.2754197332181782
2001-08-07,-1.2747459944497486,-1.8146692510040343,1.2846278583587853,0.5473600046673696
2001-08-08,-0.22790818567551893,0.6455360142693334,0.0045325670639928435,-0.9569646895451202
2001-08-09,-0.09385509588448544,-0.2675547103940165,0.07946042946027573,1.6417567158304038
2001-08-10,1.045217908175312,-0.5263548839230451,-0.07385836187310613,0.7561545080906612
2001-08-11,-1.55435880229141,0.2980185198916244,-0.27191996701628735,-0.3243523652688956
2001-08-12,0.11570235560646774,-1.3927946263531474,-0.571941866888789,-1.788551681626506
2001-08-13,0.8148099165414217,2.0329270730178424,-0.041083150365687264,-0.26238138208971623
2001-08-14,-0.4196891586441454,-0.5690310848489304,-0.02311442474650653,-1.400869696806718
2001-08-15,-1.608934079322498,-0.4855938702184972,-0.5564959338477169,0.9577326987562308
2001-08-16,-0.7548423751645296,0.8639365410360158,0.35277492865799526,-0.4040461125559123
2001-08-17,1.1042639660184133,-2.4111429960988127,-0.8530810206691043,-1.300146127858599
2001-08-18,-2.3830136365923478,-0.8780496186953892,-0.013170966101078603,0.1490948658580073
2001-08-19,-2.0088321397406115,-1.2124498661455143,0.8916361256072395,-0.1609050084072079
2001-08-20,-1.9063239389354312,-0.15415009373494137,1.3709517554924462,-0.8283479764931491
2001-08-21,-0.1448704678543018,-1.070121428368181,1.574644654936328,-0.9264419747601201
2001-08-22,1.4811527082680356,-1.1323734332989694,-0.5779086715627707,0.5990587819303719
2001-08-23,-0.1720743556809771,0.924288919317084,3.5954639630446756,-0.06914176490052877
2001-08-24,-2.0223529359950576,0.8588103841328483,0.5775190031862103,0.458054628708156
2001-08-25,-1.5695574633786316,1.6499497216709718,0.25349841796811595,-0.9327970691720692
2001-08-26,-1.3706533211975636,0.0580213301396701,0.14017182785043764,-2.1005018906227306
2001-08-27,-0.31715837777939576,-0.4028774499324297,0.037264258969216375,-0.22222254626069185
2001-08-28,1.4198862104023908,-0.7165131397711271,-0.3985281316925532,0.44413493945450594
2001-08-29,-0.12764748649997018,2.0470365984768426,0.9257151682607128,-0.6401438798533026
2001-08-30,1.0304648554665585,-0.9768844879241095,0.28270102161021166,-0.6300773394734991
2001-08-31,1.5471739007997718,-0.46251920146759884,0.6079758544423612,1.6881963610342772
2001-09-01,1.3776089960915205,0.8324037552542671,1.3677680313647036,-1.9440196189547119
2001-09-02,0.1126027152719465,1.0525775616677544,0.01774210084226836,-0.16423716524520848
2001-09-03,1.8132411030780462,-1.9070063114527496,-0.46015021122322924,-0.20729280480056897
2001-09-04,-1.0805837149533823,-1.1292206325073628,0.11198236005907901,-0.8109259646329341
2001-09-05,-1.6686840864670807,0.23940523680594591,0.09647762431382302,-0.38656362008197026
2001-09-06,-0.6447535498217304,-0.32043404336185827,-0.34195757582351033,1.4732801386060363
2001-09-07,0.886360513460117,-0.4434452881633582,-0.7667593768387476,-0.4765384296002475
2001-09-08,-1.4134620856761098,1.3998192331196404,1.567648598138895,0.17428047076196643
2001-09-09,-0.05834945728293568,0.758049928697352,-0.45305485282807034,-0.2693084620500886
2001-09-10,1.7227805697404446,0.49541796080691214,-0.4525171375817752,0.41676155962917905
2001-09-11,-2.628891047182087,0.1826354076323736,0.10762780365730572,0.06188252914152445
2001-09-12,-0.8672389222057695,-0.43795844420771507,-1.0548687325515806,0.8567864739482014
2001-09-13,0.8947306220837075,-1.850531549126334,-2.28714092217625,0.008763874580415644
2001-09-14,-1.3949705512654513,0.4735197460330176,-2.08195045980652,-0.38392228459172073
2001-09-15,-0.9879976610024594,2.050074107537498,0.19375799926946574,1.3248417431803452
2001-09-16,0.3774720034615792,1.207067701804023,0.7680525120601288,0.8662968404684874
2001-09-17,1.5655266254171794,0.13254103392261532,-0.41511661881476486,0.2560387316730009
2001-09-18,-0.8199146976971238,0.7234475085560512,0.25499959073363726,0.03670944423149184
2001-09-19,0.90326929536329,-1.4330295099422763,-0.8054234429548794,-1.6241024466688216
2001-09-20,-0.4175728405706741,0.9108169317167704,0.09119077212344141,0.12740368769426552
2001-09-21,0.46705490968673075,0.7527687758611942,1.574556606210207,-0.7251836651786538
2001-09-22,0.45053043620945465,0.46515565845159945,0.5253566656496379,1.3717159413504711
2001-09-23,0.9673450350207657,-1.0976457639324833,0.8493514202777209,-0.45258078250447986
2001-09-24,0.30234849887460163,-0.18754949306685004,0.8905039733284076,-0.8888910974632642
2001-09-25,1.0694919420638023,-0.18291884207648737,1.5159882245177942,1.8027576924787434
2001-09-26,0.7151216911017693,-0.8739179659922964,-0.8187425193344177,-1.9320080257080403
2001-09-27,0.5292633126300386,-0.05419497420890727,-0.17187274396161673,1.8799525531414512
2001-09-28,-0.2728974736622528,0.9641622444131038,1.8411867999660996,0.7375725090743748
2001-09-29,-0.535856385922671,1.046650721594025,0.03583413945044249,-0.5253612478756757
2001-09-30,-0.5344442682354391,-2.545148172204328,-0.37977055497280615,-0.38829061492539657
2001-10-01,-1.0052235149651179,0.683914950183345,-0.5910546425366409,0.38305459461994623
2001-10-02,1.7331935678991501,0.12034367339521625,-0.3613209167173724,1.6337425718163456
2001-10-03,0.8484851970905094,-1.1410701859770342,-0.5615267852332327,0.8273299999160161
2001-10-04,-1.8276924369922134,-1.143350380589456,-1.4540677387651468,-1.496862662637532
2001-10-05,-0.33890819447526344,0.07736646775284156,-0.10868799901278216,-0.429636539435202
2001-10-06,-0.5284090633914929,0.4829055423973398,0.4422919206158846,-0.9074314886492911
2001-10-07,0.6461763687416836,1.195847060061558,-0.8404778190271981,1.240421318204414
2001-10-08,0.8899049253087224,0.9801872679505634,-0.5081311402792641,0.1661206081727782
2001-10-09,-0.11006767914436433,-0.5140871883391548,0.22038222968509477,1.3668073696337015
2001-10-10,1.0558240034533224,-1.7050468284112246,2.0655949522178867,-0.8749087523316329
2001-10-11,-1.5640113862740745,1.0763782139487892,0.4035323536888834,-0.5131607097132792
2001-10-12,0.3135960116462399,-0.06386953146374864,0.14315424939433918,-1.1476122578148693
2001-10-13,0.3249584269052937,0.3047939433095915,0.4414930921981063,1.0437262320220269
2001-10-14,-0.6725152253831391,-0.644039052125655,1.6826189159445955,-0.26832977210492276
2001-10-15,2.1194263249360192,0.014766615770119845,-0.18562036238829308,-0.25806233122358335
2001-10-16,0.497727291222577,-3.1214923589169112,0.39150995210405903,1.0785494430187663
2001-10-17,0.2641167723094248,-0.8951175488903986,-0.11059097149951637,0.1789353438486204
2001-10-18,-1.0269300527907619,-2.1426238422397947,1.0832034080703583,-0.3308495249283806
2001-10-19,-0.6989338683585558,-0.7219508126477179,1.5191890006458126,2.2610823787257277
2001-10-20,0.5936342732482045,1.055946654866342,-0.2769534984606299,1.3613541808098455
2001-10-21,-0.10278284255711481,0.8584574927322377,-0.5382644050925356,0.2555323510468137
2001-10-22,-1.4320641361669029,0.5908695533691808,0.3186619654034807,0.22258160627390955
2001-10-23,0.03987720182298846,-1.289069232843158,-0.10004048720036693,-1.7674851863513703
2001-10-24,1.0796794971927075,-1.237276568050803,0.4396314764347705,-0.6944039567741767
2001-10-25,-0.7005495719643994,-0.5524319339807315,0.48234121575148325,0.899083188773706
2001-10-26,-0.12982279157083051,0.441140636404852,-0.8590379064461389,-0.19374958438768003
2001-10-27,-1.003146092299663,0.7917029606243601,-1.4666859654162758,-0.33512381710758277
2001-10-28,0.23448305865015392,-0.1262143725656009,-0.06606842609881677,-0.466958645857646
2001-10-29,0.6709968157086971,0.9086689642327129,0.48027437804823436,-0.8760084797681205
2001-10-30,-0.6053289234891468,2.2050560444321916,-1.060971837404304,1.6063055373463242
2001-10-31,0.8895835165625394,-0.7429282724002216,-0.17949953133580096,0.13630269692594763
2001-11-01,0.6119554943336918,-0.7290276413466027,-2.623634014333773,-2.2408377450733075
2001-11-02,-0.636127453377933,-1.8209626111764354,0.2099158259196471,-1.7173707237457747
2001-11-03,1.2200371655732405,1.109410095755736,-0.02631241992417903,-0.24656396930249072
2001-11-04,0.18018456192148055,-0.9617055975021104,-0.7810226646240293,-1.0619542445557808
2001-11-05,-0.12249533258491373,-0.13064384580501168,0.35035355866509565,-1.5563089009538247
2001-11-06,-0.9856116751681953,-0.23956116918949116,0.5219901728694295,0.6058295224716898
2001-11-07,-0.21022144868802708,1.628959492042152,0.7405719031183002,-1.8058545428306267
2001-11-08,-0.13327750080548945,-0.009723504656051186,-0.3208377412583448,-0.10798512940584218
2001-11-09,-1.7406664326363115,-0.3518275816478802,0.47424463122551463,0.29513251448975375
2001-11-10,-2.2169155407373795,1.0922007333775103,0.1591217874641901,2.82383741687779
2001-11-11,1.2753045965885865,0.8023461514777238,-0.057359508249812015,-0.1825294787634501
2001-11-12,-0.610620157361043,-0.7222342785316153,-0.4750085424282541,0.8463441417939805
2001-11-13,0.9589308183710797,-0.3722721606216175,-0.4624305116693243,1.0611864584725708
2001-11-14,1.4434347809764376,-0.6289195430681629,-0.9982370667991375,0.6399273407017264
2001-11-15,0.8519227339049449,-0.4506858423374364,0.24358676316240363,-1.259207148472921
2001-11-16,1.5336405314477406,-1.5174148002314858,1.338573398321908,0.30022020839904423
2001-11-17,-0.41620034851073495,-1.6771748328395015,1.0621286750156975,-0.6575774956892408
2001-11-18,0.011139879270520766,1.4087530901895362,1.1910541326043942,2.3570963422780884
2001-11-19,0.3895207789114072,-2.539782564773955,0.6309737918933545,-0.19099534349388125
2001-11-20,-1.4846508238461402,1.2580076121585015,-0.8692384916704634,-2.190892273263886
2001-11-21,-0.8823113581571904,0.5382885335355865,0.36460586523441413,1.158746301355189
2001-11-22,0.9390881501584207,1.1886005645154498,1.2337905003029197,-0.4598462397729201
2001-11-23,-1.7974557746484898,0.6793597343005809,1.2044968891824939,-1.2026018246881693
2001-11-24,1.023834138298841,0.05502730177738233,0.35479877491603673,0.09055627514840743
2001-11-25,0.04260943852873987,-1.364542541328603,0.01399051612174944,1.080073230301441
2001-11-26,-1.1455220962615575,0.14765422969565686,-1.1172858298893957,-0.5935715057717077
2001-11-27,0.9834435294264052,0.23740581261013807,0.1659370467153678,0.5346958317339209
2001-11-28,0.855592774420711,-1.399094731444363,0.779321940448827,-0.8108686630659473
2001-11-29,-0.09521229083747586,-0.25459329589130814,-0.4469640851682263,-0.39750686842517563
2001-11-30,-0.8203806389915468,-0.0928039009959847,-1.1357610127486018,0.48313892871856967
2001-12-01,-2.730282357427147,-0.5353612713604736,1.6421979839856935,0.6126423432415218
2001-12-02,-1.909156575423889,0.6919078197535573,0.10779814349880779,-0.5519699492909997
2001-12-03,-0.34383960698269894,0.4465658415518971,0.10562129787277505,-1.0865145146143582
2001-12-04,-0.9287591016986988,-0.44497992345902787,-0.7480742222210383,0.21696806138970182
2001-12-05,0.24912205471450652,-0.8727335970247801,-1.3549642685493353,0.2581714558664963
2001-12-06,0.08245400939929161,-0.6500900027066454,-0.37355394895572064,-0.8870384936549986
2001-12-07,-0.49838916727685006,0.31343271456629207,-2.667342788739055,-0.41559306210431923
2001-12-08,0.4847903511803581,0.8409779814795586,-1.7199541144344617,-0.7091798763241521
2001-12-09,-0.37925361708984745,-0.5983728754156062,1.0758218101482997,1.1930793331405616
2001-12-10,0.48015121249148174,0.7714483830217098,0.390880103818525,-1.7866140972211477
2001-12-11,1.214943950354309,-0.6605295503701633,0.13782167097244236,-0.03168990591108454
2001-12-12,1.2032558161470188,-0.8566517941249209,0.7129508132704275,-0.5361951282712911
2001-12-13,0.9150425626339773,-0.3577629786880979,1.2487893746615142,1.075232093054048
2001-12-14,0.25345354078874544,-0.2922485830887468,-3.0858013585925566,-1.934154145813299
2001-12-15,0.4751907381103817,0.6067799707783597,0.5703277161039478,0.36086996090920276
2001-12-16,-1.4418568387830937,-0.8142901068608999,0.3122950107443593,1.6657219180893372
2001-12-17,0.8865677716271534,0.8416347647394921,0.9570529793111028,-1.434851976679063
2001-12-18,0.02583168908800144,0.07378230367153717,-0.7026524717271138,-0.6829952106422926
2001-12-19,1.2730205086652244,0.20686260647025514,-1.8969341379260676,0.7378353660937079
2001-12-20,-0.8460425949792997,1.901719883076868,0.26372499252468223,1.626925196243116
2001-12-21,-0.6183153013149979,2.4959662830012457,-0.034506593861829166,-0.6671245027207462
2001-12-22,-0.081371047865757,-0.14559878754730687,-0.49766312530303003,0.14535418816919707
2001-12-23,-0.8094586271462805,0.5232688641277387,0.5149089049674241,-0.2692409698020702
2001-12-24,0.8654268373448972,0.2278082254109143,-0.8338366705422156,-0.4147750927702107
2001-12-25,-1.9074330658774246,-0.5760370050299001,-1.7847689861177214,-0.6333203577177621
2001-12-26,-1.2612971820671413,-0.7907529701551146,1.9133147975427292,-0.2837357535332763
2001-12-27,0.3170930174875585,0.5986509098835061,0.1017937497053541,-0.3024129807787538
2001-12-28,0.8940744190571175,0.7304842608896703,0.9509099408646126,-0.14872109560223729
2001-12-29,1.1550642549183299,-0.12011549110565096,-0.38093303931799033,1.2571142572554843
2001-12-30,-1.3691408663484232,0.28084185328274214,-0.9761025385224493,-0.5539956866006142
2001-12-31,-1.4862049083514706,-0.16041628395699678,-0.8200018124434606,0.256008942586627
2002-01-01,-0.6746092405351033,-0.9582085700000731,-1.764429184106862,-1.2447342756511315
2002-01-02,-0.21177633548121186,0.21857749682168137,-3.6090859148310543,0.8316130183065172
2002-01-03,-0.3989857699141104,-0.09008306560292809,0.16651068936164898,-0.8420371180763406
2002-01-04,-1.1195456164429358,-0.9512220099497668,-0.4477724005938164,-0.19821241487770547
2002-01-05,0.3268780191457988,-1.0701711511369472,0.2707428397537084,-0.9438606034245618
2002-01-06,-0.8701306491457723,0.09221724697785924,0.7046368147374322,1.0311517455039343
2002-01-07,0.6145236763147666,-0.6104227228076379,-0.529661785950338,0.3546358696048677
2002-01-08,-0.37251056105959784,-1.2272585456851506,-0.5903596564904691,0.9402923457790603
2002-01-09,-0.35669391826077335,0.49681870041365783,-0.10011520102774706,-1.0341889818720609
2002-01-10,-1.4422019274287181,0.0738985412424063,-0.5024179023301595,-0.5053148975336235
2002-01-11,-1.9115622206299645,0.6647154701409148,1.809100427853534,1.1938456747310515
2002-01-12,-0.4565429105811944,0.5578260144310984,-1.3094569392135142,-0.4861870964333423
2002-01-13,0.3799116877572467,0.33510496576686427,-0.38190362466355515,0.32544245252907644
2002-01-14,-0.47505655272226405,-0.28359653338701346,1.4882021359029027,-0.20201850627284587
2002-01-15,1.9310495805656358,-0.7339198270164751,-0.23504422067944047,1.1543520177876319
2002-01-16,0.9401057359250122,0.3229939052638415,0.6826880074337915,0.18134589429049752
2002-01-17,-0.8784180997409629,-0.6493039893529217,1.2272906843280316,1.6066264702244604
2002-01-18,-0.60631467604275,1.0826919753314128,1.6907326095906738,0.8100054835238593
2002-01-19,-0.8788967145366464,0.452183021700842,0.15122469741043135,0.9128701900259842
2002-01-20,0.6233326512036826,0.6425580264981806,0.14454961734336616,-0.41503033636571995
2002-01-21,1.123068049332069,0.13132462552587323,0.1523103856332426,-0.8200042747037588
2002-01-22,-1.6718679891397008,-3.304341600835316,-0.2966670037462884,0.9096956430588947
2002-01-23,0.6003930852815091,-0.4943712830834458,0.2859420959223831,1.0903254016365433
2002-01-24,-1.3419201455747884,0.7734225295483094,0.16204326778678504,0.1731900911753264
2002-01-25,0.9456099879057456,-1.1860806423601769,-1.2881875277109205,-0.06160527988556667
2002-01-26,-0.15160145444941925,-0.695214827941526,-0.37607266107516174,0.6255181292222917
2002-01-27,2.0353345765636264,1.0972397520822694,0.7503658532197609,0.8514702572170367
2002-01-28,-0.48852730507082864,0.9381398408403476,0.7814416008472562,1.1816467891184863
2002-01-29,0.34631495547346747,0.014811846808837138,-1.1123947084877308,0.48764577488614247
2002-01-30,-0.222417487796097,-1.2058171005182943,1.736936138392619,0.49870902775567216
2002-01-31,0.8335273713151623,-1.3119114724326886,-1.0750193771886507,1.4094852432951013
2002-02-01,-1.549686986668064,0.18549084861629422,-0.4739013829104296,1.7434131023255306
2002-02-02,-0.6758420828682429,1.0645684629253622,1.2512508836455474,-2.4026164873197606
2002-02-03,1.7845677930574666,1.713024850333555,-1.7253675065600138,-0.24202601560777376
2002-02-04,0.17141110159440254,-0.21438537540073602,0.04712601616332987,-1.7794740284063486
2002-02-05,0.40794136833811484,0.17702678379645018,0.13747780895432737,-0.65578760931387
2002-02-06,0.5711411634634291,0.05248827460857697,0.31056032508019393,0.876196407310687
2002-02-07,1.1997460247077696,0.7142560442075194,1.5498288718165452,-0.5328026697462455
2002-02-08,0.25312604023813184,1.600541843945584,-0.6278758697824885,0.2841866458662223
2002-02-09,-0.11787356689021146,-1.9696058656869413,-2.228950289969047,-0.06394042693438882
2002-02-10,-2.3507455393759784,-0.03265709686519946,0.05117255473466091,-0.6978505283102174
2002-02-11,1.4757554690131627,-0.3055509699779201,-0.21375071627986914,0.5231646480196914
2002-02-12,0.6555461934373016,0.47975676910311904,-0.22855674181124067,-0.5229094467698959
2002-02-13,-0.532488277879166,0.9718725032552162,-0.25167231492239683,-1.6087482361435983
2002-02-14,-0.37025648158143565,-0.6649875887477932,-0.5564755850407787,0.376996587895641
2002-02-15,0.9607667375345397,0.39402987273965706,-0.8503600691556338,-0.38245402393842487
2002-02-16,1.2947905324697488,-1.9020996539050476,0.5693534296408592,-0.5828226672716665
2002-02-17,0.1533165568530706,-1.1700966744303756,0.49975577482859196,0.9240040168594161
2002-02-18,1.45226347259579,0.4124159412353937,-0.040369268285219105,0.1022111461797624
2002-02-19,-0.3596783701987795,-1.4682564917801746,-0.2382254630937142,-1.3701771824269597
2002-02-20,2.517674363052968,0.15901242126483178,0.5018866774119081,0.26169083516205255
2002-02-21,-0.37947047257632194,-0.08231488351466335,-0.648324596736113,-0.48198694658577
2002-02-22,0.21868953282312287,-2.3223703232069854,0.347719129607906,1.5194736431395652
2002-02-23,0.967811412910848,0.503164285829501,0.3359736473904712,0.6240574219161011
2002-02-24,-1.1159104319732964,-1.3794078763415016,-0.7957343199037131,-1.2351008714466618
2002-02-25,-1.2827770570303676,1.2635587613551462,0.6967384581650522,-0.302813176650285
2002-02-26,0.5996677878150268,0.43336958445290147,0.17300048595867504,0.31636894333559196
2002-02-27,-0.16339313606517006,1.1017551978459914,0.4634371245913882,-0.37544556291705655
2002-02-28,0.4294948565040748,0.09732867986601045,0.5566753416710336,-0.9097049768865263
2002-03-01,0.5152532210191793,0.8641034027850049,0.8546929303589424,-1.3421588440379466
2002-03-02,1.891557972596137,-1.0467748799080654,0.42939985461258817,-0.7796924774733687
2002-03-03,0.5763809726839507,1.565908434723774,-0.034744771622131465,0.34282657929931143
2002-03-04,-1.8132725800287033,-0.9470820089740329,0.8489721154950635,-0.28095011054871494
2002-03-05,0.6631437693345892,1.066264741802854,-1.4869984290556049,0.37895898960781055
2002-03-06,-0.7436746399306126,2.280593797900363,0.5231441793057572,-0.8930696059855624
2002-03-07,2.493485189475632,0.07041323398332738,0.7507124479867285,0.31157868837921293
2002-03-08,-1.1757569390975005,0.45134121668144433,1.7299349581177035,-1.4178256119646044
2002-03-09,0.287303175131694,1.1049038968967204,-0.6197625900089674,-1.0910194925932024
2002-03-10,-0.5848867697149507,0.7049409718053129,-2.630458287300018,0.31234154534278735
2002-03-11,1.1685790868826178,0.6155114926661237,-0.1530575528164377,1.844036516319511
2002-03-12,-1.294706991747135,0.36593949698355555,-0.36331278780449056,0.5001204821212096
2002-03-13,-1.0612628716413306,-0.3697388546324697,-0.2830020766143557,0.6761207324544658
2002-03-14,-0.9767931817859442,-1.726612066764495,-0.33425402685300315,0.16846782559635334
2002-03-15,-0.056521005134768675,2.1356359510186915,-0.8901327234578079,-0.48122476272007403
2002-03-16,1.0330597527132224,0.6756198128855401,-0.13530243424394256,1.1290282592396612
2002-03-17,-1.1506775234491378,0.33709384933013187,0.08059386572134983,1.292693389053707
2002-03-18,1.3017233235252637,-1.6544584864635592,-0.40164950355540247,1.0576041693813365
2002-03-19,1.5612132211332082,-1.0428153048422422,0.5959951275715168,-0.05197209247497066
2002-03-20,-0.6067735136385198,-0.2743480144605028,-2.3530237661079183,-0.15267173155123623
2002-03-21,0.7948707596451416,0.7528143077333147,0.05752880399489978,0.5685268002219681
2002-03-22,-1.4385897220455572,0.21897137901152322,1.0652349424022847,-1.5138940369996405
2002-03-23,1.607832534324784,0.0306140293244836,0.008993136338407953,-0.5628051503217992
2002-03-24,-1.0664493516035207,1.1233487209262096,-0.40589131533997475,-0.47370955699290007
2002-03-25,-0.017470195877548125,0.5691900353760032,1.1346502577061954,0.19115866014902685
2002-03-26,-0.9254804963340002,-0.5800893655455037,1.280876206448758,0.22429729978723933
2002-03-27,-0.6529612696969642,1.458356055751789,-1.8775976268629788,-0.34201396628455294
2002-03-28,-1.4285801733319556,-1.1932755830776818,0.8681151749863241,1.5073885172266732
2002-03-29,0.23615318050329867,0.041306381817941065,1.279977321574404,-0.067948406389096
2002-03-30,-0.038183875150554214,-0.9953893602080666,0.8138848880072362,0.11774426744614984
2002-03-31,0.2766966268568543,0.7107125507928052,-0.17160741783994315,0.5252994946731122
2002-04-01,-0.42567749556292445,0.1116654773257557,-0.31588139683519084,0.10892628689307784
2002-04-02,-0.9496563502301119,-0.6669402988540559,1.3791943522926173,-1.6005202461659993
2002-04-03,0.7965819057122412,2.3512357608403893,-0.4871216078217223,-0.28460622983934136
2002-04-04,1.1209163883395643,0.1702104606404481,-1.882136006119513,-0.2214169190309022
2002-04-05,-1.2367386838236873,-0.056235243464755294,-0.5292219753600125,-0.8314813664568875
2002-04-06,-0.12143294361547728,0.0040152868276615164,-0.3083364220161163,-0.4226924371796488
2002-04-07,-1.7079371392080787,-1.2810291562751013,0.18489651117090714,-0.8440931121496993
2002-04-08,-0.25980482655773857,1.3221087586699238,-0.5277028945558118,0.5506242286539604
2002-04-09,-0.8408063024074304,0.3913078698512863,-0.04893349136948994,-1.1025156799757159
2002-04-10,-0.4633461210231177,1.9472227729091818,0.8850827125382127,0.23699450680154965
2002-04-11,0.09272218043129427,0.7557281382663321,-0.582071981533716,0.6297014290374222
2002-04-12,-0.2219234262145706,-0.025870669494689448,-1.488313119917874,-0.8661196098536315
2002-04-13,-2.323499581590418,-0.1363870779787734,-0.926030042706559,0.23830152962358508
2002-04-14,0.14663689714833872,0.6283550072458569,-1.5034884784467324,1.334393127814263
2002-04-15,-0.15049226677461808,-0.9062950630393554,-0.19334134133910838,0.0021714394833352983
2002-04-16,0.7514859932995583,-0.72853134300536,-0.5146386428136207,-0.7922470345725688
2002-04-17,0.4036678250002046,0.2760855075473122,1.1122400001569246,1.5884293425103597
2002-04-18,0.320081397260696,0.7514574124272282,-2.9357711594673024,0.4757190221826696
2002-04-19,-0.4496445198605153,0.9869439429914358,-0.8848763408000053,-1.183782093311982
2002-04-20,-0.19077500659806257,0.18184049852168202,0.23534393001719808,0.30031069612711686
2002-04-21,-0.9418986969423269,-0.4371331725773885,0.8837825679110655,-1.4163910436027831
2002-04-22,-1.3451959522832126,-0.6897690810399394,0.7145859067281808,1.7044111121668761
2002-04-23,-0.19816840099931168,-0.5524594943533256,0.17073588510048396,-0.9376922468427755
2002-04-24,0.5995589886155152,0.7672579090120375,-0.03044409351641709,-0.5369858895168007
2002-04-25,-0.08725667993977144,1.3523039366182124,-0.2811429653715063,0.4530356798607063
2002-04-26,-0.09447245846348044,0.3469228034882769,-0.9146316085741009,-0.4672840286927027
2002-04-27,0.11080735298677884,0.8284447384293157,1.5180539612861113,1.5967851843569263
2002-04-28,0.49675437509232856,-0.045759678622479025,2.218502355964066,0.004161811324036749
2002-04-29,0.7489706692677502,-0.39987325416590946,0.5126631631030163,-0.03912379193217172
2002-04-30,0.3216584060504124,0.8944304523967784,0.3745664686544239,-0.9182313462399428
2002-05-01,-1.4207333661189112,0.6554772734022536,0.1569660823739879,-0.6170957002324111
2002-05-02,0.1257343288049396,2.0226688538477204,-0.6498612192779982,-0.14922278072033737
2002-05-03,0.6533674300918627,1.6956375943535644,-1.7400977344449295,0.29370367104938344
2002-05-04,0.37331117350383397,0.04801640696912606,2.403767354411751,0.6202840007548348
2002-05-05,-0.18729050515323456,-0.36427373486317777,-0.8335917670738469,0.486227646255146
2002-05-06,0.555058472336607,-2.246250487481938,0.5168145812013948,-0.5535282353823473
2002-05-07,1.3986279892334197,-0.7804997685777036,-0.577303956885907,2.1023718764558974
2002-05-08,-1.5706952892011818,-1.267375275388664,1.085114534024148,-0.8159828991641603
2002-05-09,-0.3876672094070953,0.6855600971955379,0.516695789263462,-0.7474157305331878
2002-05-10,-2.7761300168294594,-0.29093650310770214,-0.14966021752435701,0.48756370498559487
2002-05-11,1.2516747407576398,1.5245290965054765,-0.818795820628645,2.5992993988652326
2002-05-12,-0.4552199147905007,0.5869840828835445,-0.32526164118390505,-0.7674847023038458
2002-05-13,0.8560817454694729,-0.3133280815177328,0.25147578883453836,-0.043429191058958934
2002-05-14,-0.9482799531505208,0.2589923581140646,-0.9428022093310141,-0.8719107427346225
2002-05-15,-1.4192642905128632,0.9039467844415666,0.11553067268719235,0.391741708486873
2002-05-16,1.8094187257563215,-2.4153650254628065,-0.48865420832794526,0.4628367660520263
2002-05-17,-1.5671885336626403,0.24402578702502997,0.7968251978318326,-2.5849041061746134
2002-05-18,2.635735340766673,-1.3985563157458625,-0.16886166029475919,-0.1065779854404786
2002-05-19,0.10036051613052657,-1.2568278130791612,0.3361638386736163,-0.6455532159635706
2002-05-20,-0.888346464598033,-1.3500467429369953,-0.7267569639424329,0.13028418292378718
2002-05-21,-0.6488131669468327,1.0039816345089174,0.6078118814157787,-0.7794000231865613
2002-05-22,-0.35413700167024453,-0.3932988480182939,1.0506305537212701,0.7772907019296161
2002-05-23,0.4323725061808345,0.8451927594139433,-0.6438329461391975,0.6950795577298655
2002-05-24,0.5550564966052374,0.27822124144978944,0.22875335626368684,0.09455052352562536
2002-05-25,-0.4303991214665761,-1.240896258258518,0.20489366290429534,1.0081646724932853
2002-05-26,0.23419383513284506,-0.26017420418451825,1.1962349297091885,0.9518228726883045
2002-05-27,0.3476398199018733,0.03549573753438252,0.4885142883573389,0.189534314858458
2002-05-28,-0.4430602366930365,-0.12950238292599195,0.7348121224362288,0.5080181972356816
2002-05-29,-0.7987772445893633,-0.10319221695761753,-0.04568511356599714,-0.6879449041237634
2002-05-30,-0.48769435296748526,0.8529271712201719,0.32141182374309724,1.6144793216325044
2002-05-31,-1.2775208840139332,-0.8585953994531946,2.464817074695785,-0.560052197026306
2002-06-01,1.6937442263517943,-1.935936685629773,-1.9503550670967746,-3.441810710340177
2002-06-02,-1.195227671078884,-1.1523298169091094,0.06414744922205413,2.018787835649323
2002-06-03,0.4843176717290627,2.142505970566527,-0.4857142545744721,0.5055339869710783
2002-06-04,0.6189131088688128,-1.783296125495864,-0.3509662836533228,-1.3206427825252192
2002-06-05,1.0173856756411452,-1.8314917804899127,-0.5256242511746058,0.2504872936961728
2002-06-06,-1.2605413195869175,-1.6919060860292812,0.6026931142320232,-1.8072878069116691
2002-06-07,0.4386543992221162,0.4920178171641585,1.5065408637642461,0.8593931036392464
2002-06-08,1.4162559872090124,-1.0069604667364092,0.20707540335666433,0.6198351859263023
2002-06-09,-0.42747253222291215,1.5978297247389575,-1.241428569708489,2.1073679373136525
2002-06-10,2.072893242927209,-0.40644299231438796,-0.5715919054922444,0.5776053578272419
2002-06-11,0.12171358366283323,0.9025944628409777,-0.3199294992259496,-0.042332006465521134
2002-06-12,2.3456016127663335,1.1009769567327574,0.6395488982228349,-0.04581692093265075
2002-06-13,0.6388400382313942,-0.5307354424122431,-0.16287081595439634,-1.7726771425649424
2002-06-14,0.5648513421612598,1.237103070285895,0.7381322022819456,-1.6118338893553226
2002-06-15,0.207944852111621,-1.4516768134077496,-0.4364814537623039,1.0868053791216417
2002-06-16,1.3191115592939526,-1.805769127713613,-0.20177907217464253,-0.9983860413417956
2002-06-17,-1.0150023264153363,-0.26446497704050786,-0.22313638964932,2.0616953820614308
2002-06-18,-0.49691247281064715,0.5899707642406363,0.2279743084788091,-0.5846208694105924
2002-06-19,-0.09216304991877226,-0.6695367274734817,-0.03722532776214581,-0.20169318796092092
2002-06-20,0.8309047946742065,-0.6019914245086336,0.033873791374811925,-0.34566602265745106
2002-06-21,1.183023278758045,1.3492765310118155,0.03793098830391759,-0.6137752334264532
2002-06-22,0.9254519117786599,-0.4604184458746316,0.704567251258425,0.5121860646474996
2002-06-23,2.206824987956742,0.32103649014571256,-1.54958449520558,-1.2221839699421349
2002-06-24,-0.07231782935384092,1.213081662233653,-0.7641880995449188,1.56264608878174
2002-06-25,-0.07968586407338725,1.2329039922526153,0.7187976745755211,-0.5119850110000917
2002-06-26,1.342232296830598,-1.2641557127395224,1.7427537189658189,0.54472799102932
2002-06-27,-0.9902138645959101,-0.22516887781013573,0.2967950720052842,-0.3153066966391591
2002-06-28,-0.2451706922176711,-0.5322921448822839,1.045699720144892,-1.3628225011663897
2002-06-29,-1.598723782280656,2.169426320806213,-0.15013191562093287,-0.2967953304886527
2002-06-30,2.336278567908972,0.9213657249645019,1.5071879471185128,0.42130617588634856
2002-07-01,1.426749236016188,0.133484929902773,-1.5588072791888516,-0.15176143132106812
2002-07-02,-2.470593031712363,-0.0792778958958059,-0.8505361485072463,-0.42631059614307465
2002-07-03,-0.3257819110861912,2.169995382184653,-0.8762961369985909,1.536769890730947
2002-07-04,0.05592914265109892,-0.3114305123488403,-0.7480680780111442,-1.0960056340331665
2002-07-05,-0.9132264705550259,0.14729537875033769,-1.1197384319399848,0.45708782482621413
2002-07-06,-0.2819265048296857,-0.01947482669345905,-2.133369698225774,-0.17147382333858427
2002-07-07,-1.070796151671421,-0.8255737666636886,-0.10425125373754213,-0.267976812971349
2002-07-08,-1.1698689325543006,-1.8358390072590238,-0.04185132491733795,-0.9574600351046992
2002-07-09,0.3355787546099999,0.3169959894976937,0.061139296048221915,-1.0878429024403253
2002-07-10,1.0154620050506546,1.2004050625300056,0.7995721700783125,-1.8297356587982136
2002-07-11,0.5709325515713655,0.4876613355349821,0.45906693274833227,-0.4069863135268839
2002-07-12,1.690910773685389,-0.08732047383872349,-0.022427650206486387,-0.9530520073473134
2002-07-13,0.7973382127199137,0.266173415833413,-1.7224773313592783,-0.888378360115255
2002-07-14,0.7430760628336058,0.5265448751549877,-0.4114411954540677,-0.8572929267511871
2002-07-15,1.7171668351496705,1.2911248699352726,-0.5011820463150729,-0.287786051742442
2002-07-16,1.244949000090775,1.7457059661885588,0.4648563110374304,-1.1492958500862755
2002-07-17,-0.6904623621181921,-1.6412228320392532,1.3186666913483112,0.6546709440204153
2002-07-18,-0.39421714909653305,0.15003877202902094,-0.7558809114682666,1.1228169756679094
2002-07-19,0.9638487999420212,-0.2990559774097637,-0.0008914443977073194,-0.17997839699874743
2002-07-20,0.8464966575495358,-0.0011091357108015205,-0.2249974173808947,0.4598071014580918
2002-07-21,-0.1134501761935694,0.7513520433135484,0.2631233628241675,0.6295028782330161
2002-07-22,-0.6754748507878832,0.9295516571615124,0.5874939255031993,-0.8700156502567647
2002-07-23,-0.24230622921424314,0.4534841405725712,-1.773986529083974,0.18729864873338095
2002-07-24,-1.4081105714096456,-0.07580112460722095,1.6925361356760176,-0.23003574497781754
2002-07-25,-0.3620551802107837,-0.6619255016461615,-1.6802445436124782,-0.10780369611731744
2002-07-26,-1.06820315729701,-0.4358016110004364,1.3182130408269437,-0.9439124144192276
2002-07-27,1.6435531125417713,0.19150681626900848,1.1065340637503267,1.1140796071491113
2002-07-28,-0.5323707432762651,-0.044161608140694586,0.548104471943049,-0.26905719031557757
2002-07-29,0.5329845421316884,-0.541573547478611,-0.7618217353468884,-0.5209671409652941
2002-07-30,1.5817861491289011,-0.4666314122670441,1.8985068742588105,-0.9244512020783815
2002-07-31,-0.514260472733817,-1.0202942584930665,1.049007407808841,1.0102582504835373
2002-08-01,0.5746150379038519,-0.9541170320756188,0.4461668061294303,-0.25680649534442174
2002-08-02,-0.4534267719031599,-1.3091034154716037,0.6711770225214466,0.3587550866549667
2002-08-03,-0.0627232471357211,0.6825245895451397,-0.6109544584673794,-0.25188522727130574
2002-08-04,0.12010650181840513,0.2876881070707534,2.719303644126034,0.053329398343220806
2002-08-05,1.9706314986563995,0.9445188290569807,-1.5485028790869182,1.2933501593850156
2002-08-06,-0.1492607677410443,1.1449659869721374,-0.08476162935444026,1.7439167598217824
2002-08-07,-1.0398230297279452,0.5389230114873994,1.9076159932389525,0.552498957860966
2002-08-08,-0.1684258497198933,-0.4597959839674109,0.9244705540967839,0.5109735597264687
2002-08-09,0.28006120624214115,-0.3230458577575034,-0.6258346835987266,2.2891484132663544
2002-08-10,0.1524849339655519,-0.019871640108052334,-0.24183321106701752,-0.37852827233329506
2002-08-11,-0.6120828762698542,-0.7429574459660809,1.4093753544238237,-0.20887281372688798
2002-08-12,-2.375883289553424,1.121586779056011,-1.0515147348764569,1.0347599853580771
2002-08-13,2.526045084250326,-0.6215268532186006,-0.39748082770970017,1.459027844130595
2002-08-14,0.7123911722417761,-0.05956563062725039,0.6193791099649855,-0.8235835487713844
2002-08-15,-0.08815403312514254,-2.851927493523787,0.7587158093090737,0.1300859421659427
2002-08-16,-1.2959198798054032,-1.363652821852052,-0.36893701208565616,1.158517958247205
2002-08-17,-0.2934548524050661,-1.7571807540524618,0.11126912584979833,1.094915844321004
2002-08-18,0.01135323291713756,-0.2131735471905538,-2.063242151755957,-1.9572623673076261
2002-08-19,-0.07432361876642166,-0.771466675160685,-1.0677199020906152,-0.655225636411861
2002-08-20,1.2415341396194002,-0.6902272186220152,-1.8199551245376897,-0.00598153168985181
2002-08-21,-1.33271535328814,-1.1994702407541027,-0.37758501141048834,1.1659022699580261
2002-08-22,-0.46915847008229705,0.3715200550922912,1.3111528359852829,1.8970117676105518
2002-08-23,0.7435884009621511,0.017914517270536327,0.40884713981862136,-1.06074030241626
2002-08-24,-0.7776466002872471,0.9836553287095074,0.5296592798586525,0.4028364609560651
2002-08-25,0.7438935642949585,2.131249242737275,0.13609332646196015,-0.4766350010406163
2002-08-26,-0.994889183470193,1.6043699934258653,-0.3109215248850602,-0.49914906393135144
2002-08-27,0.7173038124992661,0.03201418909952388,0.3641993317882957,-1.6258692615947399
2002-08-28,0.3583355163289886,-0.5999169410881684,1.0664288825862585,0.1864861975837421
2002-08-29,-0.47100185575554415,-0.11665374753494213,0.3505554200800708,0.2742735494254947
2002-08-30,0.7304245269650415,-0.31194563626453403,-1.123804086738202,0.10408230799247341
2002-08-31,-0.022787203650881806,0.3837670207721793,1.6592197482724607,0.6793692464917284
2002-09-01,0.7131919949625842,-0.3431934612355331,1.1624254160476082,0.4984573022717309
2002-09-02,-0.31232203027399696,1.1081172976136577,1.79504510678702,0.9767863372579346
2002-09-03,0.21490044824199026,0.8522229825901289,0.00789066823468103,1.3760363082886533
2002-09-04,-0.34277495056283963,-0.24498147745282875,-1.068966952584053,1.1501513105449597
2002-09-05,0.12218012021044086,1.3257937876620867,1.6156864964455482,-1.325337275609729
2002-09-06,1.6300598928826266,-1.0270863350379997,-0.4282039592257597,0.4730497310020389
2002-09-07,-0.8345661378387923,1.7776295398527369,-0.9393232757909009,1.1095615533624752
2002-09-08,-0.5584757204514169,-1.010956590457892,0.7967658421533391,1.2836393470796588
2002-09-09,2.0250811369420463,-0.34594447364933295,-1.6882512000611793,-1.1586660331782614
2002-09-10,-0.3097146528474699,-0.9644522999363198,-0.4812803024223722,0.5724907070516528
2002-09-11,1.2106635597924287,0.020099370519642813,-0.843310350132516,-2.246532835645192
2002-09-12,-1.1069821992939726,0.4898172138544588,-0.6096173671370019,1.2011407426764704
2002-09-13,0.7787000939292392,-0.5125421298172868,-1.3904665226390651,1.244717692049315
2002-09-14,-0.16224406837421815,0.5200985512367562,0.471121965883208,0.026868541071658526
2002-09-15,-0.11993265414390711,0.4694136914941324,-1.4082407082982307,-1.0924239031505854
2002-09-16,1.0190766385368533,0.42074785487151517,-0.4156503818791969,-0.7571221295978008
2002-09-17,-1.1468503955978901,1.8923654007925648,0.9516715902898222,0.45046156937755105
2002-09-18,-1.7049937360769138,0.5242085510612003,-0.46514838720941276,-0.23441722031795656
2002-09-19,-0.3163273225649821,-0.7996708209820651,-2.1005818130897502,0.6804384291283947
2002-09-20,-0.17011168784073005,-1.4223359476041628,0.228616167953272,0.5138206207356716
2002-09-21,0.8754393995936143,0.20666034696282806,-0.1972811736373517,1.5650533007127385
2002-09-22,-0.46091546123406874,1.6856132791484972,0.8474162589958717,-0.20139907173007163
2002-09-23,0.23446343696926703,0.8189370816551208,-0.3323475326276732,1.6010659102802325
2002-09-24,0.7466915522341996,-0.4102140685210092,1.2828898753539946,0.3357562859812124
2002-09-25,1.8866032920579991,0.42030364178023266,0.38598859774167216,0.2607132706901511
2002-09-26,0.26516585799477455,-0.09149763159985748,1.4028487486349925,1.2017495157664475
